category,tags,image,price,distance,rating,place_name,city,description
Cagar Alam,"Cagar Alam, Sedang, Gunung, Gunung Tangkuban Parahu",https://akcdn.detik.net.id/visual/2017/12/26/7403573a-f044-4631-bf23-5ba50e5d250a_169.jpg?w=650&q=90,30000,jauh,4.5,Gunung Tangkuban Perahu,"Cikahuripan, Kec. Lembang, Kabupaten Bandung Barat, Jawa Barat","Gunung Tangkuban Parahu adalah salah satu gunung yang terletak di Provinsi Jawa Barat, Indonesia. Sekitar 20 km ke arah utara Kota Bandung, dengan rimbun pohon pinus dan hamparan kebun teh di sekitarnya, Gunung Tangkuban Parahu mempunyai ketinggian setinggi 2.084 meter. Bentuk gunung ini adalah Stratovulcano dengan pusat erupsi yang berpindah dari timur ke barat. Jenis batuan yang dikeluarkan melalui letusan kebanyakan adalah lava dan sulfur, mineral yang dikeluarkan adalah sulfur belerang, mineral yang dikeluarkan saat gunung tidak aktif adalah uap belerang. Daerah Gunung Tangkuban Parahu dikelola oleh Perum Perhutanan. Suhu rata-rata hariannya adalah 17oC pada siang hari dan 2 °C pada malam hari.
"
Budaya,"Budaya, Dekat dari Bandung, Budaya Gratis, Braga, Jalan",https://www.indonesia.travel/content/dam/indtravelrevamp/id-id/ide-liburan/menikmati-berbagai-sudut-paling-instagenic-di-jalan-braga/warenhuis.jpg,0,dekat,4.7,Jalan Braga,"Kec. Sumur Bandung, Kota Bandung, Jawa Barat","Jalan Braga adalah nama sebuah jalan utama di kota Bandung, Indonesia. Nama jalan ini cukup dikenal sejak masa pemerintahan Hindia Belanda. Sampai saat ini nama jalan tersebut tetap dipertahankan sebagai salah satu maskot dan objek wisata kota Bandung yang dahulu dikenal sebagai Parijs van Java."
Budaya,"Budaya, Dekat dari Bandung, Murah, Gedung Sate",https://upload.wikimedia.org/wikipedia/commons/thumb/7/77/Gedung_Sate_Bandung_Jawa_Barat.jpg/800px-Gedung_Sate_Bandung_Jawa_Barat.jpg,5000,dekat,4.6,Gedung Sate,"Jl. Diponegoro No.22, Citarum, Kec. Bandung Wetan, Kota Bandung, Jawa Barat 40115","Gedung Sate, dengan ciri khasnya berupa ornamen tusuk sate pada menara sentralnya, telah lama menjadi penanda atau markah tanah Kota Bandung yang tidak saja dikenal masyarakat di Jawa Barat, tetapi juga seluruh Indonesia bahkan model bangunan itu dijadikan pertanda bagi beberapa bangunan dan tanda-tanda kota di Jawa Barat. Misalnya bentuk gedung bagian depan Stasiun Kereta Api Tasikmalaya. Mulai dibangun tahun 1920, gedung berwarna putih ini masih berdiri kokoh namun anggun dan kini berfungsi sebagai gedung pusat pemerintahan Jawa Barat.\nGedung Sate yang pada masa Hindia Belanda itu disebut Gouvernements Bedrijven (GB), peletakan batu pertama dilakukan oleh Johanna Catherina Coops, puteri sulung Wali Kota Bandung, Bertus Coops dan Petronella Roelofsen, mewakili Gubernur Jenderal di Batavia, J.P. Graaf van Limburg Stirum pada tanggal 27 Juli 1920, merupakan hasil perencanaan sebuah tim yang terdiri dari Ir.J.Gerber, arsitek muda kenamaan lulusan Fakultas Teknik Delft Nederland, Ir. Eh. De Roo dan Ir. G. Hendriks serta pihak Gemeente van Bandoeng, diketuai Kol. Pur. VL. Slors dengan melibatkan 2000 pekerja, 150 orang di antaranya pemahat, atau ahli bongpay pengukir batu nisan dan pengukir kayu berkebangsaan Cina yang berasal dari Konghu atau Kanton, dibantu tukang batu, kuli aduk dan peladen yang berasal dari penduduk Kampung Sekeloa, Kampung Coblong Dago, Kampung Gandok dan Kampung Cibarengkok, yang sebelumnya mereka menggarap Gedong Sirap (Kampus ITB) dan Gedong Papak (Balai Kota Bandung).\n\nSelama kurun waktu 4 tahun pada bulan September 1924 berhasil diselesaikan pembangunan induk bangunan utama Gouverments Bedrijven, termasuk kantor pusat PTT (Pos, Telepon dan Telegraf) dan Perpustakaan.\nArsitektur Gedung Sate merupakan hasil karya arsitek Ir. J.Gerber dan kelompoknya yang tidak terlepas dari masukan maestro arsitek Belanda Dr.Hendrik Petrus Berlage, yang bernuansakan wajah arsitektur tradisional Nusantara.\nBanyak kalangan arsitek dan ahli bangunan menyatakan Gedung Sate adalah bangunan monumental yang anggun mempesona dengan gaya arsitektur unik mengarah kepada bentuk gaya arsitektur Indo-Eropa, (Indo Europeeschen architectuur stijl), sehingga tidak mustahil bila keanggunan Candi Borobudur ikut mewarnai Gedung Sate.\nBeberapa pendapat tentang megahnya Gedung Sate di antaranya Cor Pashier dan Jan Wittenberg dua arsitek Belanda, yang mengatakan ""langgam arsitektur Gedung Sate adalah gaya hasil eksperimen sang arsitek yang mengarah pada bentuk gaya arsitektur Indo-Eropa"".\nD. Ruhl dalam bukunya Bandoeng en haar Hoogvlakte 1952, ""Gedung Sate adalah bangunan terindah di Indonesia"".\nIr. H.P.Berlage, sewaktu kunjungan ke Gedung Sate April 1923, menyatakan, ""Gedung Sate adalah suatu karya arsitektur besar, yang berhasil memadukan langgam timur dan barat secara harmonis"". Seperti halnya gaya arsitektur Italia pada masa renaiscance terutama pada bangunan sayap barat. Sedangkan menara bertingkat di tengah bangunan mirip atap meru atau pagoda. Masih banyak lagi pendapat arsitek Indonesia yang menyatakan kemegahan Gedung Sate misalnya Slamet Wirasonjaya, dan Ir. Harnyoto Kunto.\nKuat dan utuhnya Gedung Sate hingga kini, tidak terlepas dari bahan dan teknis konstruksi yang dipakai. Dinding Gedung Sate terbuat dari kepingan batu ukuran besar (1 × 1 × 2 m) yang diambil dari kawasan perbukitan batu di Bandung timur sekitar Arcamanik dan Gunung Manglayang. Konstruksi bangunan Gedung Sate menggunakan cara konvensional yang profesional dengan memperhatikan standar teknik.\nGedung Sate berdiri di atas lahan seluas 27.990,859 m², luas bangunan 10.877,734 m² terdiri dari Basement 3.039,264 m², Lantai I 4.062,553 m², teras lantai I 212,976 m², Lantai II 3.023,796 m², teras lantai II 212.976 m², menara 121 m² dan teras menara 205,169 m².\nGerber sendiri memadukan beberapa aliran arsitektur ke dalam rancangannya. Untuk jendela, Gerber mengambil tema Moor Spanyol, sedangkan untuk bangunannya dalah Rennaisance Italia. Khusus untuk menara, Gerber memasukkan aliran Asia, yaitu gaya atap pura Bali atau pagoda di Thailand. Di puncaknya terdapat ""tusuk sate"" dengan 6 buah ornamen sate (versi lain menyebutkan jambu air atau melati), yang melambangkan 6 juta gulden - jumlah biaya yang digunakan untuk membangun Gedung Sate. Ornamen yang terbuat dari batu, terletak di atas pintu utama Gedung Sate, sering dikaitkan dengan candi Borobudur karena bentuknya yang serupa.\nFasade (tampak depan) Gedung Sate ternyata sangat diperhitungkan. Dengan mengikuti sumbu poros utara-selatan (yang juga diterapkan di Gedung Pakuan, yang menghadap Gunung Malabar di selatan), Gedung Sate justru sengaja dibangun menghadap Gunung Tangkuban Perahu di sebelah utara.\nDalam perjalanannya semula diperuntukkan bagi Departemen Lalulintas dan Pekerjaan Umum, bahkan menjadi pusat pemerintahan Hindia Belanda setelah Batavia dianggap sudah tidak memenuhi syarat sebagai pusat pemerintahan karena perkembangannya, sehingga digunakan oleh Jawatan Pekerjaan Umum. Tanggal 3 Desember 1945 terjadi peristiwa yang memakan korban tujuh orang pemuda yang mempertahankan Gedung Sate dari serangan pasukan Gurkha. Untuk mengenang ke tujuh pemuda itu, dibuatkan tugu dari batu yang diletakkan di belakang halaman Gedung Sate. Atas perintah Menteri Pekerjaan Umum pada tanggal 3 Desember 1970 Tugu tersebut dipindahkan ke halaman depan Gedung Sate.\nGedung Sate sejak tahun 1980 dikenal dengan sebutan Kantor Gubernur karena sebagai pusat kegiatan Pemerintah Provinsi Jawa Barat, yang sebelumnya Pemerintahaan Provinsi Jawa Barat menempati Gedung Kerta Mukti di Jalan Braga Bandung.\nRuang kerja Gubernur terdapat di lantai II bersama dengan ruang kerja Wakil Gubernur, Sekretaris Daerah, Para Assisten dan Biro. Saat ini Gubernur di bantu oleh tiga Wakil Gubernur yang menangani Bidang Pemerintahan, Bidang Ekonomi dan Pembangunan, serta Bidang Kesejahteraan Rakyat, seorang Sekretaris Daerah dan Empat Asisten yaitu Asisten Ketataprajaan, Asisten Administrasi Pembangunan, Asisten Kesejahteraan Sosial dan Asisten Administrasi.\nNamun tidak seluruh Asisten menempati Gedung Sate. Asisten Kesejahteraan Sosial dan Asisten Administrasi bersama staf menempati Gedung Baru.\nDi bagian timur dan barat terdapat dua ruang besar yang akan mengingatkan pada ruang dansa (ball room) yang sering terdapat pada bangunan masyarakat Eropa. Ruangan ini lebih sering dikenal dengan sebutan aula barat dan aula timur, sering digunakan kegiatan resmi. Di sekeliling kedua aula ini terdapat ruangan-ruangan yang di tempati beberapa Biro dengan Stafnya.\nPaling atas terdapat lantai yang disebut Menara Gedung Sate, lantai ini tidak dapat dilihat dari bawah, untuk menuju ke lantai teratas menggunakan Lift atau dengan menaiki tangga kayu.\nKesempurnaan megahnya Gedung Sate dilengkapi dengan Gedung Baru yang mengambil sedikit gaya arsitektur Gedung Sate namun dengan gaya konstektual hasil karya arsitek Ir.Sudibyo yang dibangun tahun 1977 diperuntukkan bagi para Pimpinan dan Anggota Dewan Perwakilan Rakyat Daerah Provinsi Jawa Barat dalam melaksanakan tugas dan fungsinya sebagai Lembaga Legislatif Daerah.\nGedung Sate telah menjadi salah satu tujuan objek wisata di kota Bandung. Khusus wisatawan manca negara banyak dari mereka yang sengaja berkunjung karena memiliki keterkaitan emosi maupun history pada Gedung ini. Keterkaitan emosi dan history ini mungkin akan terasa lebih lengkap bila menaiki anak tangga satu per satu yang tersedia menuju menara Gedung Sate. Ada 6 tangga yang harus dilalui dengan masing-masing 10 anak tangga yang harus dinaiki.\nKeindahan Gedung Sate dilengkapi dengan taman disekelilingnya yang terpelihara dengan baik, tidak heran bila taman ini diminati oleh masyarakat kota Bandung dan para wisatawan baik domestik maupun manca negara. Keindahan taman ini sering dijadikan lokasi kegiatan yang bernuansakan kekeluargaan, lokasi shooting video klip musik baik artis lokal maupun artis nasional, lokasi foto keluarga atau foto diri bahkan foto pasangan pengantin.\nKhusus pada hari minggu lingkungan halaman Gedung Sate dijadikan pilihan tempat sebagian besar masyarakat untuk bersantai, sekadar duduk-duduk menikmati udara segar kota Bandung atau berolahraga ringan.\nMembandingkan Gedung Sate dengan bangunan-bangunan pusat pemerintahan (capitol building) di banyak ibu kota negara sepertinya tidak berlebihan. Persamaannya semua dibangun di tengah kompleks hijau dengan menara sentral yang megah. Terlebih dari segi letak gedung sate serta lanskapnya yang relatif mirip dengan Gedung Putih di Washington, DC, Amerika Serikat. Dapat dikatakan Gedung Sate adalah ""Gedung Putih""nya kota Bandung."
Taman Hiburan,"Taman Hiburan, Dekat dari Bandung, Mahal, TSM, Trans Studio Mall, Wahana",https://www.hu-pakuan.com/media/original/201029080209-wisatawan-trans-studio-bandung-meningkat-di-hari-pertama-libur-panjang.png,280000,dekat,4.5,Trans Studio Bandung,"Jl. Gatot Subroto No.289A, Cibangkong, Kec. Batununggal, Kota Bandung, Jawa Barat 40273 (Lantai G dan 2 Trans Studio Mall Bandung)","Trans Studio Bandung adalah kawasan wisata terpadu di Kota Bandung, Indonesia. Trans Studio dibangun pada areal seluas 4,2 hektare dengan investasi mencapai Rp 2 triliun sehingga menjadikan sebagai kawasan hiburan terluas dan terlengkap di Bandung. Wahana yang terdapat menawarkan petualangan dan sensasi baru yang tidak kalah menantang seperti pendahulunya yaitu Trans Studio Resort Makassar yang dibuka pada tahun 2009. Trans Studio Bandung dibuka untuk umum pada tanggal 18 Juni 2011. Trans Studio Bandung adalah taman bermain yang paling komplet di kota Bandung"
Cagar Alam,"Cagar Alam, Bandung, Dekat, Murah, Taman Hutan Raya, Ir. H. Djuanda, Taman Hutan Raya Ir. H. Djuanda, Taman",https://assets-a1.kompasiana.com/items/album/2021/12/22/ayobdg-tahura-djuanda-ditutup-kavin-faza2-61c21edc06310e58953b63b3.jpg,15000,dekat,4.5,Taman Hutan Raya Ir. H. Djuanda,"Kompleks Tahura, Jl. Ir. H. Juanda No.99, Ciburial, Kec. Cimenyan, Kabupaten Bandung, Jawa Barat 40198","Taman Hutan Raya Ir. H. Djuanda (Tahura Djuanda) merupakan kawasan konservasi yang terpadu antara alam sekunder dengan hutan tanaman dengan jenis Pinus (Pinus merkusil) yang terletak di Sub-Daerah Aliran Sungai Cikapundung dan DAS Citarum yang membentang mulai dari Curug Dago, Dago Pakar sampai Curug Maribaya yang merupakan bagian dari kelompok hutan Gunung Pulosari.\nTahura Djuanda terletak di sebelah utara Kota Bandung berjarak kurang lebih 7 km dari pusat kota, secara geografis berada pada 1070 30’ BT dan 60 52’ LS, secara administrasi berada di wilayah Desa Ciburial, Kecamatan Cimenyan, Kabupaten Bandung dan sebagian masuk Desa Mekarwangi, Desa Cibodas, Desa Langensari, dan Desa Wangunharja, Kecamatan Lembang, Kabupaten Bandung Barat serta Kelurahan Dago, Kecamatan Coblong, Kota Bandung.\nBerdasarkan hasil rekonstruksi tata batas Tahura Djuanda tahun 2003, luasnya adalah 526,98 ha."
Taman Hiburan,"Taman Hiburan, Dekat, Sedang, Farm House Susu Lembang, Farm House, Hewan, Binatang, Feeding, farm house lembang, rumah hobbit, lembang",https://www.nativeindonesia.com/foto/farmhouse-lembang-bandung/rumah-hobbit-di-farm-house-lembang.jpg,30000,dekat,4.4,Farm House Susu Lembang,"Jl. Raya Lembang No.108, Gudangkahuripan, Kec. Lembang, Kabupaten Bandung Barat, Jawa Barat 40391","Sebagai salah satu tempat wisata lembang baru, Farm house Lembang mulai beroperasi sekitar tahun 2015. Tempat wisata di Bandung biasanya terbantu naik oleh medsos, terutama facebook dan instagram. Tampaknya tempat ini memaksimalkan banget hal ini. Dengan desain atmosfer eropa, banyak spot unik yang pastinya bakal menarik untuk swafoto/selfie, dan di posting di media sosial. memang, Farmhouse Lembang sejauh ini menawarkan ‘wisata foto’ sebagai daya tarik utamanya. Mirip-mirip dengan Dago Dream Park, hanya berbeda konsep tempatnya saja."
Cagar Alam,"Cagar Alam, Bandung, Dekat dari Bandara, Sedang, Kebun Binatang Bandung, Hewan, Kebun Binatang",https://asset.kompas.com/crops/mG42f64_u7mgdw-KBUXuxiixoeU=/103x52:903x585/750x500/data/photo/2023/01/22/63ccde9eef7d1.jpg,20000,dekat,4,Kebun Binatang Bandung,"Jl. Kebun Binatang No.6, Lb. Siliwangi, Kecamatan Coblong, Kota Bandung, Jawa Barat 40132","Kebun Binatang Bandung merupakan salah satu objek wisata alam flora dan fauna di Kota Bandung, Jawa Barat, Indonesia. Kebun Binatang Bandung terletak berdampingan dengan kampus Institut Teknologi Bandung dan Sungai Cikapundung."
Cagar Alam,"Cagar Alam, Bandung, Jauh dari Bandara, Mahal, ciwidey, kawah putih",https://upload.wikimedia.org/wikipedia/commons/thumb/3/35/Kawah_Putih_Lake_from_the_viewing_platform%2C_Bandung_Regency%2C_2014-08-21.jpg/1200px-Kawah_Putih_Lake_from_the_viewing_platform%2C_Bandung_Regency%2C_2014-08-21.jpg,81000,jauh,4.5,Kawah Putih,"Sugihmukti, Kec. Pasirjambu, Kabupaten Bandung, Jawa Barat","Kawah Putih adalah sebuah tempat wisata di Jawa Barat yang terletak di Desa Alam Endah, Kecamatan Rancabali, Kabupaten Bandung Jawa Barat yang terletak di kaki Gunung Patuha. Kawah putih merupakan sebuah danau yang terbentuk dari letusan Gunung Patuha. Tanah yang bercampur belerang di sekitar kawah ini berwarna putih, lalu warna air yang berada di kawah ini berwarna putih kehijauan, yang unik dari kawah ini adalah airnya kadang berubah warna. Danau Kawah Putih sendiri berada pada ketinggian 2194 m tapi luas total Danau Kawah Putih 25 ha yang dipakai wisata 5 ha dan lokasi kawah sendiri 3 ha."
Cagar Alam,"Cagar Alam, Bandung, Dekat dari Bandara, Murah, tebing kraton, tebing, camping ground, taman hutan, keraton lembang",https://asset.kompas.com/crops/C-f8wPqZF8mMrXsfPN8wkXK05n8=/0x19:1000x686/780x390/data/photo/2022/05/24/628bd4c387d45.jpg,15000,dekat,4.5,Tebing Karaton,"Puncak Kordon, RT.2/RW.10, Ciburial, Kec. Cimenyan, Bandung Barat, Jawa Barat 40198","Tebing Keraton atau Tebing Karaton merupakan sebuah tebing yang berada di dalam kawasan Taman Hutan Raya Ir. H. Djuanda. Tebing ini terletak di Kampung Ciharegem Puncak, Desa Ciburial, Bandung, Jawa Barat, Indonesia. Dari Tebing Keraton dapat menikmati pemandangan spektakuler. Bukan lampu kota, melainkan hutan!"
Taman Hiburan,"Taman Hiburan, Bandung, Jauh dari Bandara, Sedang, Dusun Bambu, restoran, resort, hiburan",https://asset.kompas.com/crops/6Ty9DgxBclFUm6bo_qM7EKRSCcU=/136x0:1171x690/750x500/data/photo/2023/07/29/64c47d4f39778.png,25000,jauh,4.5,Dusun Bambu,"Jl. Kolonel Masturi No.KM. 11, Kertawangi, Kec. Cisarua, Kabupaten Bandung Barat, Jawa Barat 40551","Dusun Bambu merupakan taman rekreasi berbasis ecotourism di Jawa Barat dengan konsep ‘Private Sanctuary Lifestyle’ (Konsep Wisata Sehat). Melalui konsep ini, Dusun Bambu siap menghadirkan sarana rekreasi yang aman dan nyaman dengan senantiasa menerapkan standar protokol kesehatan yang ketat. Memadukan keindahan alam dan budaya tradisional, fasilitas di Dusun Bambu didesain untuk pengalaman wisata alam yang paling berkesan, mulai dari berjalan-jalan santai, bersepeda, menikmati kuliner lezat di tengah pesona alam, hingga mengunjungi replika pedesaan tradisional. Terdapat pula kapasitas kunjungan harian ke Dusun Bambu untuk memastikan bahwa anjuran social distancing tetap dijalankan. Dengan begitu, Dusun Bambu siap menjamin keselamatan kunjungan wisata Anda menyajikan pengalaman kunjungan yang tak tergantikan dan penjelajahan rasa yang memuaskan hati.
"
Budaya,"Budaya, Bandung, Dekat dari Bandara, Murah, Museum Geologi Bandung, museum, musium, fossil, pendidikan, sejarah",https://upload.wikimedia.org/wikipedia/commons/b/b3/Bandung%2C_Museum_Geologi.jpg,2000,dekat,4.6,Museum Geologi Bandung,"Jl. Diponegoro No.57, Cihaur Geulis, Kec. Cibeunying Kaler, Kota Bandung, Jawa Barat 40122","Museum Geologi didirikan pada tanggal 16 Mei 1929 Museum ini telah direnovasi dengan dana bantuan dari JICA (Japan International Cooperation Agency). Setelah mengalami renovasi, Museum Geologi dibuka kembali dan diresmikan oleh Wakil Presiden RI, Megawati Soekarnoputri pada tanggal 23 Agustus 2000. Sebagai salah satu monumen bersejarah, museum berada di bawah perlindungan pemerintah dan merupakan peninggalan nasional. Dalam Museum ini, tersimpan dan dikelola materi-materi geologi yang berlimpah, seperti fosil, batuan, mineral. Kesemuanya itu dikumpulkan selama kerja lapangan di Indonesia sejak 1850."
Budaya,"Budaya, Bandung, Dekat dari Bandara, Gratis, Museum Konferensi Asia Afrika, museum, musium, sejarah, pendidikan",https://backpanel.kemlu.go.id/sites/pusat/PublishingImages/Tentang%20Kami/Museum%20Konferensi%20Asia%20Afrika_jpg.jpg,0,dekat,4.6,Museum Konferensi Asia Afrika,"Jl. Asia Afrika No.65, Braga, Kec. Sumur Bandung, Kota Bandung, Jawa Barat 40111","Museum Konferensi Asia Afrika merupakan salah satu museum yang berada di kota Bandung yang terletak di Jalan Asia Afrika No. 65. Museum ini merupakan memorabilia Konferensi Asia Afrika. Museum ini memiliki hubungan yang sangat erat dengan Gedung Merdeka. Secara keseluruhan Gedung Merdeka memiliki dua bangunan utama, yang pertama disebut Gedung Merdeka sebagai tempat sidang utama, sedangkan yang berada di samping Gedung Merdeka adalah Museum Konferensi Asia Afrika sebagai tempat memorabilia Konferensi Asia Afrika. Latar belakang dibangunnya museum ini adalah adanya keinginan dari para pemimpin bangsa-bangsa di Asia dan Afrika untuk mengetahui tentang Gedung Merdeka dan sekitarnya tempat Konferensi Asia Afrika berlangsung. Hal ini membuat Menteri Luar Negeri Republik Indonesia, Prof. Dr. Mochtar Kusumaatmadja, S.H., LL.M memiliki ide untuk membangun sebuah museum. Ide tersebut disampaikannya pada forum rapat Panitia Peringatan 25 tahun Konferensi Asia Afrika (1980) yang dihadiri oleh Direktur Jenderal Kebudayaan Prof. Dr. Haryati Soebadio sebagai wakil dari Departemen Pendidikan dan Kebudayaan. Kemudian museum ini diresmikan pada tanggal 24 April 1980 bertepatan dengan peringatan 25 tahun Konferensi Asia Afrika."
Tempat Ibadah,"Tempat Ibadah, Bandung, Dekat dari Bandara, Gratis, Masjid Raya Bandung, masjid bandung, masjid",https://cdn-cms.pgimgs.com/areainsider/2023/02/Alt-Text-Masjid-Raya-Bandung-Dulunya-Masjid-Agung-Bandung-Ini-Sejarahnya.png,0,dekat,4.7,Masjid Raya Bandung,"Jl. Dalem Kaum No.14, Balonggede, Kec. Regol, Kota Bandung, Jawa Barat 40251","Masjid Raya Bandung Provinsi Jawa Barat, yang dulu dikenal dengan nama Masjid Agung Bandung adalah masjid yang berada di Kota Bandung, Jawa Barat, Indonesia. Status masjid ini adalah sebagai masjid provinsi bagi Jawa Barat. Masjid ini pertama dibangun tahun 1810, dan sejak didirikannya, Masjid Agung telah mengalami delapan kali perombakan pada abad ke-19, kemudian lima kali pada abad 20 sampai akhirnya direnovasi lagi pada tahun 2001 sampai peresmian Masjid Raya Bandung 4 Juni 2003 yang diresmikan oleh Gubernur Jabar saat itu, H.R. Nuriana. Masjid baru ini, yang bercorak Arab, menggantikan Masjid Agung yang lama, yang bercorak khas Sunda.\nMasjid Raya Bandung, seperti yang kita lihat sekarang, terdapat dua menara kembar di sisi kiri dan kanan masjid setinggi 81 meter yang selalu dibuka untuk umum setiap hari Sabtu dan Minggu. Atap masjid diganti dari atap joglo menjadi satu kubah besar pada atap tengah dan yang lebih kecil pada atap kiri-kanan masjid serta dinding masjid terbuat dari batu alam kualitas tinggi. Kini luas tanah keseluruhan masjid adalah 23.448 m² dengan luas bangunan 8.575 m² dan dapat menampung sekitar 13.000 jamaah."
Taman Hiburan,"Taman Hiburan, Bandung, Dekat dari Bandara, Mahal, Dago Dreampark, dago, wahana, spot foto, alam, foto alam",https://img.idxchannel.com/media/500/images/idx/2021/10/14/Dago_Dreampark.jpg,40000,dekat,4.2,Dago Dreampark,"Mekarwangi, Jl. Dago Giri No.Km. 2.2, Pagerwangi, Kec. Lembang, Kabupaten Bandung Barat, Jawa Barat 40135",Dago Dreampark merupakan wisata kekinian di Kota Bandung dengan luas 13 hektar yang mengusung konsep Jawa - Sunda & Bali dengan dilengkapi berbagai fasilitas & wahana yang menarik.
Taman Hiburan,"Taman Hiburan, Bandung, Jauh dari Bandara, Mahal, Orchid Forest Cikole, cikole, spot foto estetik, jembatan, hutan, alam, jembatan panjang","https://ik.imagekit.io/tvlk/blog/2022/11/Teras-Paphio.jpg?tr=dpr-2,w-675",50000,jauh,4.6,Orchid Forest Cikole,"Genteng, Cikole, Kec. Lembang, Kabupaten Bandung Barat, Jawa Barat 40391","Orchid Forest Cikole Lembang sudah berdiri sejak Agustus tahun 2017. Tempat ini merupakan taman anggrek terluas di Indonesia. Berada di tengah kawasan hutan lindung dan terbentang seluas 12 hektar. Setidaknya terdapat 157 jenis bunga anggrek beraneka macam dikembangkan di sini. Orchid Forest Cikole Bandung memfokuskan diri untuk memperkenalkan dan membudidayakan berbagai tanaman anggrek. Menggunakan metode lokal maupun internasional. Spesies Anggreknya tidak hanya berasal dari Indonesia yang memang merupakan negara kedua terbanyak memiliki varian anggrek. Tanaman anggrek di Orchid Forest juga berasal dari negara lain, seperti Venezuela, Argentina, Filipina, Peru, dan Amerika serikat."
Taman Hiburan,"Taman Hiburan, Bandung, Dekat dari Bandara, Sedang, Kawasan Punclut, ciumbuleuit, angkringan, untuk anak, anak, anak-anak, skywalk, istana, spot foto, kafe, kopi, restoran, Dago Bakery Punclut",https://cdn-cms.pgimgs.com/areainsider/2022/11/Alt-Text-Punclut-Bandung-adalah-Puncak-Ciumbuleuit-Cek-7-Wisata-Unggulannya.png,20000,dekat,4.4,Kawasan Punclut,"5J4C+RR5, Jl. Punclut, Ciumbuleuit, Kec. Cidadap, Kabupaten Bandung Barat, Jawa Barat 40142","Punclut yang merupakan singkatan dari Puncak Ciumbuleuit adalah salah satu kawasan yang terletak di sebelah utara Kota Bandung. Kawasan ini terletak 7 kilometer dari pusat kota Bandung. Pada akhir pekan, kawasan Punclut dipenuhi oleh wisatawan yang datang untuk berwisata dan menikmati pemandangan Kota Bandung. Banyak warga maupun wisatawan yang menggunakan kawasan ini untuk melakukan jalan atau olahraga pagi setiap hari Minggu."
Taman Hiburan,"Taman Hiburan, Bandung, Dekat dari Bandara, Gratis",https://i2.wp.com/blog.tripcetera.com/id/wp-content/uploads/2020/05/lensaridwankamil_96581275_529003741311511_6037570312047923743_n.jpg,0,dekat,4.6,Alun-Alun Kota Bandung,"Jl. Antapani Lama, RT.04/RW.04, Cicaheum, Kec. Regol, Kota Bandung, Jawa Barat 40282",Alun-alun Bandung adalah pusat kota Bandung yang dicirikan oleh sebidang tanah yang luas. Di sekelilingnya ada bangunan-bangunan fungsional. Tempatnya ada di dekat Grote Postweg.
Budaya,"Budaya, Bandung, Dekat dari Bandara, Murah, Museum Sri Baduga, museum, musium, sejarah, patung, pameran",https://img.bandung.go.id/images/news/2022/08/28/header/166165976530-museum-sri-baduga-asyiknya-mengenal-budaya-sunda.jpeg,3000,dekat,4.5,Museum Sri Baduga,"Jl. BKR No.185, Pelindung Hewan, Kec. Astanaanyar, Kota Bandung, Jawa Barat 40243","Museum Sri Baduga merupakan sebuah museum yang terletak di kota Bandung, Jawa Barat, Indonesia.\nMuseum ini dikelola oleh pemerintah provinsi Jawa Barat, yang mulai didirikan pada tahun 1974 dengan memanfaatkan bangunan lama bekas Kawedanan Tegallega, yang kemudian diresmikan pada tanggal 5 Juni 1980 oleh Menteri Pendidikan dan Kebudayaan waktu itu, Daoed Joesoef.\nPenamaan museum ini diambil dari gelar salah seorang raja Pajajaran, Sri Baduga Maharaja sebagaimana tertulis pada Prasasti Batutulis. Dan kemudian ditetapkan melalui Kepmendikbud nomor 02223/0/1990 tanggal 4 April 1990.
"
Taman Hiburan,"Taman Hiburan, Bandung, Dekat dari Bandara, Mahal, Rabbit Town, spot foto, estetik, anak-anak, anak",https://balitteknologikaret.co.id/wp-content/uploads/2023/04/Rabbit-Town-Bandung-Wisata-Seru-Bersama-Anak.jpg,45000,dekat,4,Rabbit Town,"Jl. Rancabentang No.30-32, Ciumbuleuit, Kec. Cidadap, Kota Bandung, Jawa Barat 40142","Rabbit Town Bandung merupakan salah satu wisata unik di Bandung yang didirikan pada 11 Januari 2018. Tempat wisata yang menjadikan hewan kelinci sebagai ikon utama. Pada seluruh dekorasi dibuat dengan tampilan selucu mungkin dan juga menampilkan berbagai jenis kelinci lucu. Pengunjung yang tertarik dengan hewan ini bisa membawa pulang kelinci dengan membelinya terlebih dahulu. Tempat wisata ini dimiliki oleh CEO Chairman Kaum Group yaitu Pak Henry Husada. Pak Henry sendiri dengan sengaja menjadikan salah satu rumahnya yang memiliki luas dua hektar dengan 30 kamar, dibangun sebuah objek wisata unik. Selain adanya spesies kelinci, tempat ini juga menyuguhkan spot foto bagus. Tak hanya itu, di dalam wisata ini juga terdapat beberapa wahana untuk anak-anak sehingga bagi pengunjung yang membawa serta anaknya akan merasa betah berlama-lama."
Taman Hiburan,"Taman Hiburan, Bandung, Jauh dari Bandara, Sedang, Stone Garden Citatah, taman batu, batu, alam, spot foto",https://o-cdn-cas.sirclocdn.com/parenting/images/Stone-Garden-Bandung-travelspromo.width-800.format-webp.webp,30000,jauh,4.4,Stone Garden Citatah,"Gunung Masigit, Citatah, Kec. Cipatat, Kabupaten Bandung Barat, Jawa Barat 40554","Stone  Garden, adalah sebutan nama untuk hamparan tanah yang diisi oleh  formasi batuan tak beraturan yang indah dan membentuk taman alam.Bandung  memiliki banyak wisata alam yang sangat luar biasa. Ternyata Bandung  memiliki wisata alam gua, yaitu Gua Pawon dan wisata Stone Garden. Gua  Pawon merupakan gua yang terbentuk pada zaman purba.Gua ini digunakan  oleh manusia purba sebagai tempat berlindung. Dan uniknya di atas Gua  Pawon terdapat hamparan bebatuan yang sangat indah dengan pemandangan  luar biasa dikenal dengan nama Stone Garden -Taman Batu. Tidak kalah  indah dengan wisata alam Tangkuban Perahu, Kawah Putih Ciwidey, dan Situ  Patengan merupakan kawasan wisata alam yang sering dikunjungi oleh  banyak wisatawan lokal maupun mancanegara. 
"
Taman Hiburan,"Taman Hiburan, Bandung, Dekat dari Bandara, Mahal, The Great Asia Africa, lembang, china, spot foto, luar negeri, jepang, keliling dunia, gondola, kebun binatang","https://ik.imagekit.io/tvlk/xpe-asset/AyJ40ZAo1DOyPyKLZ9c3RGQHTP2oT4ZXW+QmPVVkFQiXFSv42UaHGzSmaSzQ8DO5QIbWPZuF+VkYVRk6gh-Vg4ECbfuQRQ4pHjWJ5Rmbtkk=/3268372988704/The-Great-Asia-Africa-Tickets-520b9ed6-e1f1-4de7-b0cf-3c2d976fb020.jpeg?tr=q-60,c-at_max,w-1280,h-720&_src=imagekit",50000,dekat,4.4,The Great Asia Africa,"Jl. Raya Lembang - Bandung No.71, Gudangkahuripan, Kec. Lembang, Kabupaten Bandung Barat, Jawa Barat 40391","Kota Bandung tampaknya tidak pernah kehabisan ide kreatif dalam mengembangkan destinasi wisata. Berbagai tujuan berlibur tersedia di sini, mulai dari wisata kuliner, sejarah, hingga edukasi. Kemasannya pun dengan cara yang unik dan menarik, seperti yang ada di The Great Asia Africa. Kawasan wisata teranyar di Lembang ini menawarkan pengalaman menjelajahi beberapa negara di dua benua, selaras dengan namanya."
Cagar Alam,"Cagar Alam, Bandung, Jauh dari Bandara, Sedang, Bukit Moko. Bukit, alam, ketinggian, puncak, moko, bintang, malam, citylight, city light, ",https://permatailmugroup.files.wordpress.com/2016/02/bukit-moko-malam-hari.jpg,25000,jauh,4.5,Bukit Moko,"Cimenyan, Kec. Cimenyan, Kabupaten Bandung, Jawa Barat 40197","Bandung sebagai destinasi wisata tak pernah ada habisnya. Didukung dengan lanskap yang cantik, kawasan Bandung mampu menarik perhatian wisatawan. Baik dari segi alam, budaya, kuliner, dan seni kreatif secara bersamaan. Dari sekian banyak tempat wisata yang tersedia, Bukit Moko Bandung menjadi salah satu yang cukup populer namanya dalam beberapa tahun belakangan. Berada di ketinggian sekitar 1500 mdpl, Bukit Moko memiliki cuaca yang sejuk. Bagi pengunjung yang tidak biasa di cuaca ini, ada baiknya membawa jaket tebal apalagi jika datang saat musim penghujan."
Budaya,"Budaya, Bandung, Dekat dari Bandara, Mahal, Amazing Art World, lukisan, seni, spot foto, museum seni tiga dimensi, museum interaktif, museum, musium",https://jadiberita.com/wp-content/uploads/2018/01/19761460_284528741956411_2308971424737394688_n.jpg,75000,dekat,4.5,Amazing Art World,"Jl. Dr. Setiabudi No.293-295, Isola, Kec. Sukasari, Kota Bandung, Jawa Barat 40154","Amazing Art World Bandung, sebuah objek wisata yang terletak di Bandung, yang menegaskan bahwa destinasi wisata itu bukan hanya sekedar tentang pantai, air terjun, atau wisata alam lainnya saja. Hasil karya lukisanpun ternyata mampu menjadi sebuah destinasi wisata yang sangat menyenangkan. Apalagi lukisan 3D, selain keren, tetapi mampu membuat manipulasi bagi mata para pengunjung. Luasnya Amazing Art World Bandung menjadikannya sebagai salah-satu museum lukisan 3D terbesar, bukan hanya di tingkat nasional, tetapi di dunia."
Cagar Alam,"Cagar Alam, Bandung, Dekat dari Bandara, Murah, Gua Belanda, goa, gua, alam, peninggalan, sejarah, belanda",https://assets.ayobandung.com/crop/0x0:0x0/750x500/webp/photo/ayobandung/images-bandung/post/articles/2019/07/24/58574/gua_belanda.jpg,15000,dekat,4.4,Gua Belanda,"4JWQ+647, Taman Hutan Raya Juanda, Ciburial, Kec. Cimenyan, Kabupaten Bandung, Jawa Barat 40198","Gua Belanda Bandung merupakan sebuah gua yang berada dalam kawasan yang sekarang ditetapkan sebagai Taman Hutan Raya Ir. H. Djuanda adalah bentangan pegunungan dari Barat sampai ke Timur yang merupakan “tangki air raksasa alamiah” untuk cadangan di musim kemarau. Di daerah Aliran Sungai Cikapundung yang ada di Taman Hutan Raya Ir. H. Djuanda pada masa pendudukan Belanda dibangun Pembangkit Listrik Tenaga Air (PLTA) Bengkok yang merupakan PLTA pertama di Indonesia pada tahun 1918, dimana terowongan tersebut melewati Perbukitan batu pasir tufaan."
Taman Hiburan,"Taman Hiburan, Bandung, Dekat dari Bandara, Gratis, Taman Balai Kota Bandung, taman, taman bandung, balai kota, bandung city hall park, bermain, nyaman, patung dewi sartika, paru paru bandung",https://cdn-cms.pgimgs.com/areainsider/2022/10/Alt-Text-Wisata-Taman-Balai-Kota-Bandung-Bandung-738x414.png,0,dekat,4.6,Taman Balai Kota Bandung,"Jl. Wastukencana No.2, Babakan Ciamis, Kec. Sumur Bandung, Kota Bandung, Jawa Barat 40117","Taman Balai Kota Bandung merupakan sebuah taman kota yang terletak di Kota Bandung. Taman ini berada di sebelah selatan Balai Kota Bandung. Saat ini, Taman Balai Kota Bandung terdiri dari dua taman yang menyatu, antara lain Taman Dewi Sartika dan Taman Badak. Kedua taman tersebut diresmikan oleh Walikota Bandung saat itu, Ridwan Kamil, pada tanggal 19 Desember 2017.
"
Taman Hiburan,"Taman Hiburan, Bandung, Dekat dari Bandara, Mahal, Panghegar Waterboom Bandung, waterboom, wahana air, tempat olahraga, wisata air, Panghegar",https://jateng.disway.id/upload/f532b1766b14fa51b9eae0b6fe97c55f.png,75000,dekat,4.3,Panghegar Waterboom Bandung,"Jl. Mengger Tengah No.37, Mengger, Kec. Bandung Kidul, Kota Bandung, Jawa Barat 40252","Panghegar Waterboom Bandung merupakan salah satu destinasi wisata yang wajib dikunjungi bagi wisatawan yang hendak mengajak buah hatinya bermain air. Terletak di Buah Batu, lokasi ini kerap kali diincar saat akhir pekan. Tak hanya menyuguhkan kolam renang, tempat ini juga menyediakan berbagai wahana menarik yang sayang jika dilewatkan. Terdiri dari seluncuran air yang dibagi untuk 2 kategori yaitu seluncuran orang dewasa dan seluncuran anak-anak. Destinasi rekreasi keluarga menawarkan beragam kegiatan seru, baik untuk anak-anak maupun dewasa. Terdapat beberapa jenis kolam yang bisa dicoba: kolam ombak, kolam mini, kolam arus, dan lain sebagainya. Ada pun yang paling baru di Panghegar Waterboom Bandung yaitu kolam air panas yang disajikan bagi wisatawan yang hendak berendam."
Cagar Alam,"Cagar Alam, Bandung, Jauh dari Bandara, Murah, Gunung Manglayang, Gunung, Manglayang, Pendakian, Alam",https://upload.wikimedia.org/wikipedia/commons/0/00/Mont_Manglayang.jpg,7500,jauh,4.5,Gunung Manglayang,"Ciporeat, Kec. Cilengkrang, Kabupaten Bandung, Jawa Barat","Gunung Manglayang adalah sebuah gunung bertipe Stratovolcano yang terletak di antara Kota Bandung dan Kabupaten Sumedang, Jawa Barat, Indonesia dan memiliki ketinggian sekitar 1818 mdpl. Pemandangannya cukup indah, tetapi karena relatif tidak terlalu tinggi, sehingga kurang dikenal oleh pendaki-pendaki gunung pada umumnya.Dalam deretan gunung-gunung Burangrang – Tangkuban Perahu – Bukit Tunggul – Gunung Manglayang, Gunung Manglayang menjadi gunung yang terindah dari rangkaian keempat gunung tersebut. Mungkin itulah sebabnya di kalangan para penggiat alam bebas, gunung ini sempat terlupakan terkecuali para penggiat alam bebas dari Bandung dan sekitarnya. Walaupun begitu, Gunung Manglayang tetap menawarkan pesona alamnya tersendiri."
Cagar Alam,"Cagar Alam, Bandung, Jauh dari Bandara, Mahal, Lembang Park n Zoo, Lembang Park & Zoo, Lembang Park and Zoo, Lembang, Park, Zoo, Kebun Binatang, hewan, harimau putih","https://ik.imagekit.io/tvlk/xpe-asset/AyJ40ZAo1DOyPyKLZ9c3RGQHTP2oT4ZXW+QmPVVkFQiXFSv42UaHGzSmaSzQ8DO5QIbWPZuF+VkYVRk6gh-Vg4ECbfuQRQ4pHjWJ5Rmbtkk=/3908689355733/Lembang-Park-and-Zoo-363b0d94-46ac-42c4-8e52-123b0a95d50f.jpeg?tr=q-60,c-at_max,w-1280,h-720&_src=imagekit",50000,jauh,4.5,Lembang Park & Zoo,"Jl. Kolonel Masturi No.171, Sukajaya, Kec. Lembang, Kabupaten Bandung Barat, Jawa Barat 40391","Di Lembang Park & Zoo ada 370 ekor satwa, lengkap dari berbagai jenis herbivora, karnivora, dan omnivora. Luas total tempat ini mencapai 20 hektar, namun baru 10 hektar yang dikembangkan. Sisanya akan dikembangkan sebagai wisata berkonsep safari. Di area safari tersebut, pengunjung bisa berkeliling menggunakan kendaraan untuk melihat satwa yang bebas dilepas di area tersebut."
Taman Hiburan,"Taman Hiburan, Bandung, Dekat dari Bandara, Murah, Taman Lalu Lintas Ade Irma Suryani Nasution, taman lalu lintas, taman, alam, sejuk",https://tripisia.id/assets/images/poi/TamanLaluLintasAdeIrmaNasution.JPG,7000,dekat,4.4,Taman Lalu Lintas Ade Irma Suryani Nasution,"Jl. Belitung No.1, Merdeka, Kec. Sumur Bandung, Kota Bandung, Jawa Barat 40113","Taman Lalu-lintas Ade Irma Suryani adalah sebuah taman rekreasi yang ada di jantung kota Bandung, Jawa Barat, Indonesia. Selain sebagai taman dan tempat bermain, di sini juga dijadikan pusat latihan membaca rambu-rambu lalu lintas. Taman Lalu Lintas memiliki pengertian bahwa sebuah taman lalu lintas atau traffic taman anak-anak adalah sebuah taman di mana anak-anak dapat mempelajari aturan jalan . Sebuah taman lalu lintas juga disebut sebuah desa taman transportasi atau lalu lintas taman atau keselamatan tergantung pada lokal .Taman lalu lintas sering dibuat sebagai daya tarik dalam taman yang lebih besar . Dalam kasus lain, mereka sekali pakai taman dan sering dalam skala kecil . Mereka dapat ditemukan di daerah perkotaan maupun pedesaan ."
Taman Hiburan,"Taman Hiburan, Bandung, Dekat dari Bandara, Gratis, Lawangwangi Creative Space, restoran, dago atas, dago, cafe",https://o-cdn-cas.sirclocdn.com/parenting/images/Mural.width-800.format-webp.webp,0,dekat,4.4,Lawangwangi Creative Space,"Jl. Dago Giri No.99, Mekarwangi, Kec. Lembang, Kabupaten Bandung Barat, Jawa Barat 40391","Lawangwangi merupakan sebuah galeri seni dengan konsep retro modern. Mememadukan keindahan alam dan cita rasa kuliner. Hmm, bikin penasaran ya Teman Traveler. Lawangwangi Creative Space sebelumnya hanya sekedar menyediakan Lab Math dan Art Space bagi para pecinta dan penikmat seni. Pengunjung bisa menemukan sebuah ruangan khusus untuk memamerkan kreasi dari beragam seniman. Karya yang ditampilkan berbeda-beda tiap bulan. Namun galeri seni yang mulanya diprediksi dapat menarik banyak pengunjung, rupanya justru kurang diminati. Akhirnya dengan memadukan keindahan alam sekitar bangunan, dibangunlah sebuah kafe modern dengan nuansa seni."
Cagar Alam,"Cagar Alam, Bandung, Dekat dari Bandara, Murah, Curug Dago. Curug, Dago, air terjun",https://www.mongabay.co.id/wp-content/uploads/2019/06/Curug-Dago4.jpg,12000,dekat,4,Curug Dago,"4JM9+Q7W, Jl. Dagopojok, Dago, Kecamatan Coblong, Kota Bandung, Jawa Barat 40135",Curug Dago Kota Bandung Jawa Barat berada di ketinggian 800 meter di atas permukaan air laut dengan tinggi air terjun mencapai 12 meter. Air terjun ini terbentuk sebagai akibat aliran Sungai Cikapundung yang mengalir sepanjang area Maribaya hingga Kota Bandung. Curug Dago pakar Bandung punya nilai historis yang tinggi dengan jejak sejarah hingga Kerajaan Thailand. Alasannya adalah dengan adanya prasasti Kerajaan Thailand dari abad ke-18 yang bertuliskan nama Raja Chulalongkom III atau Rama V dari Kerajaan Thailand.
Budaya,"Budaya, Bandung, Dekat dari Bandara, Murah, Kampung Korea Bandung, Kampung Korea, Kampung, Korea, Kiara Artha Park, spot foto",https://cdn.idntimes.com/content-images/community/2022/07/20220708-223513-329ae2b286ff7799fbbec7d4597d307a-aefdde36e5741ddd81fc84dfde2a1ba6.jpg,15000,dekat,4.1,Kampung Korea Bandung,"Jl. Banten No.7, Kebonwaru, Kec. Batununggal, Kota Bandung, Jawa Barat 40272","Kampung Korea adalah sebuah kawasan di kota Bandung yang dibangun semirip mungkin dengan karakter kota Seoul di Korea Selatan. Tujuan pengembangan kawasan ini adalah sebagai bagian dari kegiatan sister city antara Bandung dengan Seol. Pembangunan dimulai pada tahun 2017 atas inisiatif Ridwan Kamil selaku wali kota Bandung saat itu.\nKeberadaan kampung korea ditujukan untuk meningkatkan pariwisata kota Bandung.
"
Taman Hiburan,"Taman Hiburan, Bandung, Jauh dari Bandara, Murah, Kampung Batu Malakasari, Kampung Batu, ecopark, kuliner, Malakasari, Kampung Batu, Kampung, Tektona Waterpark, Tektona, Waterpark, rusa, manasik haji, outbound, venue wedding",https://direktoripariwisata.id/imgunit/7420.jpg,10000,jauh,4.1,Kampung Batu Malakasari,"Jl. Raya Banjaran Barat Rencong, Malakasari, Kec. Baleendah, Kabupaten Bandung, Jawa Barat 40375","Kampung Batu Malakasari adalah sebuah tempat wisata yang didirikan di bekas penambangan batu. Di lokasi tersebut masih terlihat jelas pahatan-pahatan bekas penambangan Batu. Kini, di bekas penambangan batu itu terisi oleh air yang membentuk menjadi sebuah danau. Tempat wisata ini berkonsep wahana wisata pendidikan, petualangan dan kuliner. Biasanya sering dijadikan destinasi field trip sekolah-sekolah di sekitar Bandung. Berbagai wahana dan fasilitasnya sangat lengkap untuk menunjang program field trip sekolah-sekolah.
"
Taman Hiburan,"Taman Hiburan, Bandung, Dekat dari Bandara, Sedang, Hiburan",https://cdn.idntimes.com/content-images/community/2020/12/79375879-817540432019691-5147268678954469231-n-f6079c6ca0eb710a835864b4d8578d57-55db2f418e1aa7874b279d2236fcc69e_600x400.jpg,20000,dekat,4.4,Jendela Alam,"Komplek Graha Puspa, Jl. Sersan Bajuri No.KM, RW.5, Cihideung, Kec. Parongpong, Kabupaten Bandung Barat, Jawa Barat 40559","Tidak hanya menikmati alam sekitar yang masih sejuk dan hijau, anak anda juga bisa mengikuti berbagai kegiatan edukasi yang bermanfaat. Berbagai kegiatan edukasi disediakan dan dirancang sedemikian rupa sehingga menarik buat keluarga. Kegiatan edukasi yang tersedia cocok untuk anak mulai dari usia TK sampai dengan SMA."
Cagar Alam,"Cagar Alam, Bandung, Jauh dari Bandara, Murah",https://meluncur.com/wp-content/uploads/2022/04/tiket-masuk-curug-tilu-leuwi-opat.jpg,10000,jauh,4.4,Curug Tilu Leuwi Opat,"Jl. Kp. Ciwangun Indah Camp, Cihanjuang Rahayu, Kec. Parongpong, Kabupaten Bandung Barat, Jawa Barat 40559","Curug Tilu Leuwi Opat merupakan salah satu wisata curug di Lembang. Tempatnya sendiri cukup luas. Disini ada area outbond, camping, dan tentunya wisata air terjun dan sungai. Area depan berupa lembah dengan sungai jernih. Biasanya outbond, camping, dan permainan dilakukan di area ini. Lokasi curug tilu leuwi opat sebenarnya bertetangga langsung dengan Dusun Bambu lho. Pernah ke dusun bambu? jika naik ke skywalk lutung kasarung, atau mengunjungi area camping, anda bisa melihat lembah yang berbatasan langsung dengan dusun bambu. Nah, lembah itu termasuk ke dalam area wisata curug tilu leuwi opat. Di lembah ini mengalir sungai dengan air jernih yang bersumber dari Situ Lembang."
Taman Hiburan,"Taman Hiburan, Bandung, Dekat dari Bandara, Murah, Hiburan",https://cdn1-production-images-kly.akamaized.net/6TlClPGNXiwaMm4em6UCMBwAsLs=/1200x675/smart/filters:quality(75):strip_icc():format(jpeg)/kly-media-production/medias/2899624/original/008969100_1567421392-IMG-6591.JPG,15000,dekat,4.4,Kiara Artha Park,"Jl. Banten, Kebonwaru, Kec. Batununggal, Kota Bandung, Jawa Barat 40272","Kiara Artha Park merupakan sebuah kawasan terpadu yang memadukan konsep hunian, bisnis, komersial, dan wisata yang ikonik di Kota Bandung dengan luas + 2.9 hektar. Kiara Artha Park sendiri merupakan salah satu dari sekian banyak  ruang publik bertemakan Taman Kota yang ada di Bandung yang terletak di tengah Kota Bandung . Taman ini melengkapi taman-taman tematik lainnya yang sudah ada di Kota Bandung. Taman  kota ini  kini menjadi salah satu tujuan wisata warga Bandung khususnya dan  bagi masyarakat umum. Meskipun Taman ini baru dibuka yaitu pada tanggal 17 Agustus 2019, warga Bandung  dan masyarakat sangat antusias datang dan menikmati berbagai aktivitas dan wahana yang ada.
"
Taman Hiburan,"Taman Hiburan, Bandung, Dekat dari Bandara, Mahal, Hiburan",https://virtualtour.nuartsculpturepark.com/img/homebg2.jpg,50000,dekat,4.7,NuArt Sculpture Park,"Setra Duta Raya No.L6, Ciwaruga, Kec. Parongpong, Bandung, Jawa Barat 40151","NuArt Sculpture Park ini merupakan sebuah gallery miliki seorang seniman ternama di Bandung yang bernama Nyoman Nuarta. Terlahir di Tabanan Bali, Nyoman Nuarta akhirnya menetap di Bandung. Dan ada fakta menarik dari seniman berkelas internasional tersebut, dimana ia dahulu rupanya lulusan dari Fakultas Seni Rupa dari perguruan tinggi ternama di Bandung yakni ITB pada tahun 1979 silam. Kehlian Nyoman Nuarta sebagai seorang maestro pemahat dan juga pematung hebat memang sudah dikenal secara internasional, maka dari itu ia pun membuat NuArt Sculpture Park ini untuk memamerkan semua karya seni yang ia miliki selama ini."
Taman Hiburan,"Taman Hiburan, Bandung, Dekat dari Bandara, Mahal, Hiburan",https://dynamic-media-cdn.tripadvisor.com/media/photo-o/0e/53/a0/45/img-20170202-183438-largejpg.jpg?w=1200&h=-1&s=1,100000,dekat,4,Upside Down World Bandung,"Jl. H. Wasid No.31, Lebakgede, Kecamatan Coblong, Kota Bandung, Jawa Barat 40132","Upside Down World Bandung pertama kali dibuka pada 10 Oktober 2016 dengan konsep yang sangat unik. Semua furnitur yang berada di Upside Down World ini dipasang terbalik seolah pengunjung berada di langit-langit ruangan. Dengan konsep rumah terbaik tempat wisata ini memiliki keunikan tersendiri. Pengunjung yang datang ke sini kebanyakan para kawula muda yang ingin berfoto dengan latar yang tak biasa. Di dalam bangunan ini terdapat sepuluh ruangan dengan tema yang berbeda-beda layaknya di dalam sebuah rumah. Ada ruang tamu, kamar tidur anak, ruang keluarga, ruang santai, dapur, kamar mandi, dan lain sebagainya. Pengunjung bisa mengambil gambar pada semua ruangan dan hasil foto dapat dicetak di layanan cetak foto. Jika pengunjung merasa tak biasa dan bingung harus bergaya foto seperti apa, maka akan ada petugas yang dapat mengarahkan gayanya. Atau dengan melihat hasil foto para pengunjung sebelumnya yang dipasang di ruangan itu.
"
Taman Hiburan,"Taman Hiburan, Bandung, Jauh dari Bandara, Mahal, Hiburan","https://ik.imagekit.io/tvlk/xpe-asset/AyJ40ZAo1DOyPyKLZ9c3RGQHTP2oT4ZXW+QmPVVkFQiXFSv42UaHGzSmaSzQ8DO5QIbWPZuF+VkYVRk6gh-Vg4ECbfuQRQ4pHjWJ5Rmbtkk=/2001193248502/Pesona-Nirwana-Waterpark-Tickets-ad376e32-9a53-46c2-ad60-7cae7dd8561f.jpeg?tr=q-60,c-at_max,w-1280,h-720&_src=imagekit",50000,jauh,4.1,Pesona Nirwana Waterpark & Cottages,"Kampung Legok Jeunjing Desa Panyirapan, Jl. Terusan Cibako, Panyirapan, Kec. Soreang, Kabupaten Bandung, Jawa Barat 40915","Pesona Nirwana Waterpark merupakan sebuah objek wisata wahana air seluas 4000 meter persegi yang berlokasi di Kampung Legok Jeungjing, Desa Panyirapan, Kecamatan Soreang, Kabupaten Bandung.\nBerjarak sekitar 1 Km dari Kantor Pemda Kabupaten Bandung. Lokasi wisata ini dibuka untuk umum setiap hari dan bisa menjadi alternatif pilihan lokasi wisata Kabupaten Bandung selain kawasan wisata Ciwidey\n\nLokasi Pesona Nirwana Waterpark merupakan bekas kawasan tambang galian C dengan tebing curam di hampir sebagian lokasinya dan merupakan bagian dari rencana resort ramah lingkungan dengan total target pembangunan seluas 4 hektar.\nPemilik dari Pesona Nirwana Waterpark adalah I Nyoman Nuarta, seorang pematung asal Bali yang juga terkenal sebagai tokoh pelestarian lingkungan"
Taman Hiburan,"Taman Hiburan, Bandung, Dekat dari Bandara, Gratis, Hiburan",https://i.pinimg.com/736x/01/5a/36/015a362f23dc903f604bc5280d332f7f.jpg,0,dekat,4.4,Taman Lansia,"Jl. Cisangkuy, Citarum, Kec. Bandung Wetan, Kota Bandung, Jawa Barat 40115","Berlibur santai di akhir pekan cocok dilakukan dengan menghabiskan waktu di taman. Salah satu taman yang dapat menjadi tujuan wisata adalah Taman Lansia Bandung. Lansia merupakan singkatan dari Lanjut Usia. Meski begitu, taman ini tidak dikhususkan untuk para lansia, namun untuk semua kalangan. Nama lansia kemungkinan diberikan karena usia taman ini yang sudah sangat tua. Bahkan, usianya sudah ratusan tahun, karena sudah ada sejak tahun 1885."
Taman Hiburan,"Taman Hiburan, Bandung, Jauh dari Bandara, Murah, Hiburan",https://dirgantaracarrental.com/wp-content/uploads/2019/07/kampoeng-tulip-Dirgantara-Car-Rental.jpg,15000,jauh,3.8,Kampoeng Tulip,"Banyu Biru, Jl. Pasir Pogor Raya Jl. Ciwastra, Mekarjaya, Kec. Rancasari, Kota Bandung, Jawa Barat 40292","Kampoeng Tulip ialah salah satu objek wisata di Bandung yang lokasinya dipenuhi dengan bunga-bunga tulip yang sangat indah. Tulip sendiri adalah bunga cantik yang identik dengan Negara Kincir Angin yaitu Belanda. Jika Anda ingin menyaksikan bunga tulip, Anda tidak perlu jauh-jauh ke Belanda. Melainkan, cukup pergi ke kota Bandung saja, Anda sudah bisa menemuinya. Lokasi wisata ini memiliki banyak pengunjung, mulai dari wisatawan dalam kota maupun luar kota."
Taman Hiburan,"Taman Hiburan, Bandung, Dekat dari Bandara, Sedang, Hiburan","https://static.wixstatic.com/media/90da49_91a540028aed4647b0f23fa2a8278c17~mv2.jpg/v1/fill/w_1216,h_648,al_c,q_85,usm_0.66_1.00_0.01,enc_auto/90da49_91a540028aed4647b0f23fa2a8278c17~mv2.jpg",25000,dekat,4.6,Selasar Sunaryo Art Space,"Jl. Bukit Pakar Timur No.100, Ciburial, Kec. Cimenyan, Kabupaten Bandung, Jawa Barat 40198","Selasar Sunaryo Art Space (SSAS) adalah sebuah ruang dan organisasi nirlaba yang bertujuan mendukung pengembangan praktik dan pengkajian seni dan kebudayaan visual di Indonesia. Dididirikan pada tahun 1998 oleh Sunaryo, SSAS aktif menyelenggarakan kegiatan-kegiatan yang berorientasi pada edukasi publik. Dengan arahan & dukungan dari Yayasan Selasar Sunaryo, fokus utama SSAS adalah pada penyelenggaraan program-program seni rupa kontemporer, melalui pameran, diskusi, residensi & lokakarya. Sebagai pusat kebudayaan, SSAS menyelenggarakan kegiatan-kegiatan yang berhubungan dengan disiplin-disiplin seni lain seperti desain, kriya, seni pertunjukan, sastra, arsitektur, dan lain sebagainya. Selain memajang koleksi permanen, SSAS juga menyelenggarakan pameran-pameran tunggal atau bersama yang menampilkan karya-karya para seniman muda dan senior, dari Indonesia maupun mancanegara."
Taman Hiburan,"Taman Hiburan, Bandung, Dekat dari Bandara, Gratis, Hiburan",https://statik.tempo.co/data/2016/02/22/id_484108/484108_620.jpg,0,dekat,4.3,Teras Cikapundung BBWS,"Jl. Siliwangi, Hegarmanah, Kec. Cidadap, Kota Bandung, Jawa Barat 40131","Teras Cikapundung Bandung sebelumnya merupakan daerah yang kumuh dan tak terurus yang berhasil diubah menjadi tempat wisata. Cikapundung adalah sungai yang membelah Kota Bandung yang dimulai dari daerah Bandung Utara dan bermuara di Sungai Citarum, Bandung Selatan. Sebelumnya, taman ini merupakan tempat berkumpulnya orang-orang kreatif seperti para seniman yang ada di Bandung. Terdapat beberapa sanggar seni dan ramainya warung makan di tempat ini, sampai pada akhirnya terlantar dan dibiarkan kotor. Kini Teras Cikapundung Bandung telah berubah menjadi tempat wisata terbuka untuk umum dengan konsep ekologi dan urban. Berbagai fasilitas menarik tersedia di Teras Cikapundung dan bisa digunakan pada saat rekreasi ke obyek wisata yang satu ini. Dilengkapi dengan kolam ikan dan lampu-lampu, membuat taman ini sangat cantik dikunjungi pada malam hari. Terlebih suasananya yang ramai membuat para pengunjung lupa bahwa dulunya tempat ini pernah dijuluki sebagai “tempat jin buang anak”."
Budaya,"Budaya, Bandung, Dekat dari Bandara, Murah",https://www.goodnewsfromindonesia.id/uploads/post/large-goodnewsfromindonesia-gnfi-museumbarli-9bde5f60a6b7cb99678a8503d0cf6ce2.jpg,15000,dekat,4.4,Museum Barli,"Jl. Prof. Dr. Sutami No.91, Sukarasa, Kec. Sukasari, Kota Bandung, Jawa Barat 40152","Museum Barli adalah sebuah museum yang terletak di Kota Bandung. Museum ini didedikasikan untuk mengenang dan memamerkan hasil karya pelukis Barli Sasmitawinata. Museum ini didirikan pada tahun 1990 dan diresmikan pada Oktober 1992 oleh Soesilo Soedarman, Menteri Pariwisata, Pos, dan Telekomunikasi pada waktu itu. Awalnya museum ini tidak dibuka untuk umum. Namun, saat ini museum dapat dikunjungi oleh siapa saja. Museum ini juga menjadi tempat dari berbagai kegiatan seni seperti pameran karya seni rupa, penjualan karya, diskusi dan sarasehan, pelatihan studio keramik dan lukis."
Cagar Alam,"Cagar Alam, Bandung, Jauh dari Bandara, Murah",https://asset-2.tstatic.net/jabar/foto/bank/images/objek-wisata-batu-kuda-yang-terletak-di-cibiru-wetan-cileunyi-kabupaten-bandung-dibuka.jpg,10000,jauh,4.4,Wisata Batu Kuda,"Cibiru Wetan, Kec. Cileunyi, Kabupaten Bandung, Jawa Barat 40625","Kawasan Batu Kuda berupa perbukitan dengan hutan pinus yang indah. Berada di ketinggian antara 1150 sampai dengan 1300 mdpl, segarnya pegunungan Bandung bisa anda dapatkan disini. Batu Kuda berada di bawah pengawasan Perhutani langsung. Dulu tempat ini terkesan apa adanya. Tapi sekarang sudah jauh lebih tertata. Biasanya, tempat ini jadi tujuan wisata keluarga warga sekitarnya saja. Tapi sekarang, sudah lebih dikenal dan lebih banyak dikunjungi wisatawan juga."
Budaya,"Budaya, Bandung, Dekat dari Bandara, Gratis","https://ik.imagekit.io/tvlk/blog/2020/02/wisata-sejarah-bandung-2-Flickr.jpg?tr=dpr-2,w-675",0,dekat,4.3,Monumen Bandung Lautan Api,"Jl. BKR, Ciateul, Kec. Regol, Kota Bandung, Jawa Barat 40252","Monumen Bandung Lautan Api, merupakan monumen yang menjadi markah tanah Bandung. Monumen ini setinggi 45 meter, memiliki sisi sebanyak 9 bidang.\nMonumen ini dibangun untuk memperingati peristiwa Bandung Lautan Api, dimana terjadi pembumihangusan Bandung Selatan yang dipimpin oleh Muhammad Toha.\nMonumen ini berada di tengah-tengah kota yaitu terletak di kawasan Lapangan Tegallega. Monumen ini menjadi salah satu monumen terkenal di Bandung.\nMonumen ini menjadi pusat perhatian setiap tanggal 23 Maret mengenang peristiwa Bandung Lautan Api.
"
Budaya,"Budaya, Bandung, Dekat dari Bandara, Murah",https://asset.kompas.com/crops/_QBFvchNV7JtOIaVkEg0JFZfLJU=/0x0:1000x667/750x500/data/photo/2022/07/25/62dec6809a479.jpg,5000,dekat,4.6,Museum Gedung Sate,"Jl. Diponegoro No.22, Citarum, Kec. Bandung Wetan, Kota Bandung, Jawa Barat 40115","Salah satu museum yang menjadi ikon kota ini adalah Museum Gedung Sate. Museum yang berada di gedung yang sama dengan kantor dinas Gubernur Jawa Barat ini dibangun pada masa kolonial oleh arsitek Belanda, Johan Gerber. Diresmikan pada 8 Desember 2017 dan mengusung 'Smart Museum', Museum Gedung Sate ini menjadi museum interaktif pertama di Indonesia. Konsep tersebut memberikan panduan informasi mengenai bangunan bersejarah menggunakan teknologi digital.
"
Budaya,"Budaya, Bandung, Dekat dari Bandara, Gratis",https://img.bandung.go.id/images/feature/2022/02/19/header/164524244515-monumen-perjuangan-rakyat-jawa-barat.jpeg,0,dekat,4.5,Monumen Perjuangan Rakyat Jawa Barat,"Jl. Dipati Ukur No.48, Lebakgede, Kecamatan Coblong, Kota Bandung, Jawa Barat 40132","Monumen Perjuangan Rakyat Jawa Barat (Monju) adalah Museum Sejarah Perjuangan Rakyat Jawa Barat, di Tatar Pasundan atau Parahyangan. Monumen diresmikan oleh Gubernur Jawa Barat, Raden Nana Nuriana pada tanggal 23 Agustus 1995."
Budaya,"Budaya, Bandung, Dekat dari Bandara, Gratis",https://cdn.idntimes.com/content-images/post/20221222/screenshot-33-ed9879a29d57a5735e4059b02fdffd90_600x400.png,0,dekat,4.5,Museum Pos Indonesia,"Jl. Cilaki No.73, Citarum, Kec. Bandung Wetan, Kota Bandung, Jawa Barat 40115","Museum Pos Indonesia telah ada sejak masa Hindia Belanda dengan nama Pos Telegraph dan Telepon (PTT). Pada tahun 1931 telah dibuka Museum PTT yang terletak di bagian sayap kanan bawah Gedung Kantor Pusat PTT, Jalan Cilaki, nomor 55, Bandung, (sekarang nomor 73). Atau tepatnya di sayap timur gedung pusat pemerintahan Provinsi Jawa Barat yang lebih terkenal dengan Gedung Sate. Pada 27 September 1983, Menteri Pariwisata, Pos dan Telekomunikasi meresmikan PTT menjadi Museum Pos Indonesia. Koleksi museum ini terdiri atas prangko-prangko dari Indonesia dan berbagai negara yang sangat bersejarah, dengan jumlah mencapai 131.000.000 keping perangko dan 200 koleksi peralatannya, yakni berupa timbangan paket, alat cetak perangko, surat-surat berharga, armada pengantar surat, dan lain sebagainya. Selain menyimpan peninggalan pos tersebut dalam ruang pamer, Museum ini juga memiliki ruang social center yang dapat diperuntukan bagi aneka kegiatan.
"
Cagar Alam,"Cagar Alam, Bandung, Jauh dari Bandara, Murah",https://img.inews.co.id/media/600/files/networks/2022/10/10/aecf5_cic.jpg,10000,jauh,4.3,Ciwangun Indah Camp Official,"Kp. Ciwangun, RT. 03 / 15, Desa Cihanjuang Rahayu, Jl. Kolonel Masturi, Cihanjuang Rahayu, Kec. Parongpong, Kabupaten Bandung Barat, Jawa Barat 40559","Ciwangun Indah Camp atau CIC adalah sebuah tempat rekreasi berkonsep petualangan alam dan outbound. Tempat ini terletak di kecamatan Parongpong Kabupaten Bandung Barat, bersebelahan dengan dusun bambu. Dengan latar alam hutan di bawah kaki gunung Burangrang, CIC layak dijadikan destinasi wisata. Dengan tempat yang masih terjaga keindahan alamnya, beberapa aktivitas bisa dilakukan di CIC. Aktivitas yang cocok untuk dilakukan di CIC adalah kegiatan yang berbasis petualangan alam. Berikut beberapa kegiatan yang cocok untuk dilakukan di Ciwangun Indah Camp."
Cagar Alam,"Cagar Alam, Bandung, Dekat dari Bandara, Mahal",https://dynamic-media-cdn.tripadvisor.com/media/photo-o/10/fd/da/78/batu-air-wot-batu-bandung.jpg?w=1200&h=1200&s=1,50000,dekat,4.7,Wot Batu,"Jl. Bukit Pakar Timur No.98, Ciburial, Kec. Cimenyan, Kabupaten Bandung, Jawa Barat 40198","Wot Batu adalah sebuah konfigurasi energi yang hadir dari perjalanan spiritualitas dan transendental Sunaryo. Dalam ruang terbuka seluas ±2000 m2 dengan rangkaian 135 +1, batu-batu ditanam dan ditata secara konseptual dan harmoni. Sunaryo menarik garis dari pegunungan di sekitar Bandung, dan dari garis itu dibawanya batu-batu vulkanik sebagai medium mahakarya yang tak lekang oleh waktu. Setiap pahatan, tatahan, dan pecahan bukanlah hasil dari usaha untuk mengubah batu, namun untuk menorehkan catatan untuk sebuah peradaban – warisan dari abad ke-21 untuk masa yang akan datang.\nSunaryo menciptakan Wot Batu sebagai ‘jembatan spiritual’: penyeimbang antara jiwa manusia dengan wujud ragawi kehidupan, sebagai penghubung di antara empat elemen alam. Dalam Wot Batu, tanah, api, air dan angin berbicara satu sama lain dalam harmoni. Wot Batu menyampaikan gagasan tentang ruang dan waktu – sebuah penyadaran tentang eksistensi manusia dalam dimensi alam yang tak berbatas."
Cagar Alam,"Cagar Alam, Bandung, Jauh dari Bandara, Murah",https://awsimages.detik.net.id/community/media/visual/2022/11/25/wisata-curug-batu-templek-di-bandung-2_169.jpeg?w=1200,5000,jauh,4.1,Curug Batu Templek,"Mekarmanik, Kec. Cimenyan, Kabupaten Bandung, Jawa Barat 40196","Curug Batu Templek Bandung adalah sebuah wisata alam air terjun yang terletak di Kota Bandung Timur. Dari sekian banyak wisata alam air terjun di Bandung, Curug Batu Templek tak kalah menarik karena pemandangan di sekitarnya dipenuhi dengan terbing yang berbatu cadas. Sejarah Curug Batu Templek sangat sederhana, hanya karena di tempat ini dahulunya terdapat penambangan batu yang terdapat sebuah aliran air terjun dan diketahui aliran tersebut berasal dari sungai yang ada di atas tebing sehingga dinamakan Curug Batu Templek."
Tempat Ibadah,"Tempat Ibadah, Bandung, Dekat dari Bandara, Gratis, Gereja",https://asset.kompas.com/crops/tBI-b-cX4cwVRFgetiIggU6WSiA=/147x0:1225x719/750x500/data/photo/2022/11/14/63725de4b9231.jpg,0,dekat,4.8,Gereja Katedral Santo Petrus Bandung,"Jl. Merdeka No.14, Babakan Ciamis, Kec. Sumur Bandung, Kota Bandung, Jawa Barat 40117","Gereja Katedral Bandung, atau Katedral Santo Petrus, adalah sebuah gereja yang terletak di Jalan Merdeka, Babakanciamis, Sumurbandung, Bandung, Indonesia. Bangunan ini dirancang oleh Charles Prosper Wolff Schoemaker dan bergaya arsitektur neo-Gothic akhir. Dilihat dari atas, bentuknya menyerupai salib yang simetris. Katedral Santo Petrus mempunyai luas tanah sebesar 2.385 m² dan luas bangunan sebesar 785 m². Gerejanya sendiri diberi nama St. Franciscus Regis pada tanggal 16 Juni 1895. Setelah Bandung memperoleh status gemeente (setingkat kotamadya) pada 1906, diputuskan untuk membangun bangunan gereja baru. Pembangunan bangunan yang baru dilaksanakan sepanjang tahun 1921. Katedral ini lalu diberkati pada 19 Februari 1922 oleh Mgr. Edmundus Luypen, S.J."
Budaya,"Budaya, Bandung, Dekat dari Bandara, Gratis",https://upload.wikimedia.org/wikipedia/commons/d/d0/Museum_Mandala_Wangsit_Siliwangi.JPG,0,dekat,4.4,Museum Mandala Wangsit Siliwangi,"Jl. Lembong No.38, Braga, Kec. Sumur Bandung, Kota Bandung, Jawa Barat 40111","Museum Wangsit Mandala Siliwangi adalah museum militer yang berada di Kota Bandung, Jawa Barat. Siliwangi merupakan nama komando daerah militer TNI-AD di Jawa Barat dan Banten yang namanya diambil dari raja dari Kerajaan Sunda yang beribu kota di Pakuan Pajajaran yang kekuasaanya konon tak terbatas, juga arif dan bijaksana serta wibawa dalam menjalankan roda pemerintahan. Sedangkan arti Mandala Wangsit merupakan sebuah tempat untuk menyimpan amanat, petuah atau nasihat dari pejuang masa lalu kepada generasi penerus melalu benda-benda yang ditinggalkannya. Museum ini diresmikan oleh panglima divisi Siliwangi Kolonel Ibrahim Adjie pada tanggal 23 Mei 1966. Museum ini berlokasi di Jalan Lembong, kecamatan Sumurbandung. Jalan ini diambil dari nama Letkol Lembong, salah satu prajurit Siliwangi yang menjadi korban dalam Peristiwa Kudeta Angkatan Perang Ratu Adil. Sebelumnya jalan itu bernama Oude Hospitaalweg."
Cagar Alam,"Cagar Alam, Bandung, Jauh dari Bandara, Gratis",https://tourbandung.id/wp-content/uploads/2019/05/Caringin-Tilu-Bandung-1-1030x541.jpg,0,jauh,4.4,Caringin Tilu,"Jl. Padasuka Atas No.11, Cimenyan, Kec. Cimenyan, Kabupaten Bandung, Jawa Barat 40197","Bandung tidak pernah kehilangan pesonanya, wisata alamnya selalu membius wisatawan untuk berkunjung. Caringin Tilu salah satunya, wisata dengan pemandangan alam yang indah. Pemandangan Kota Bandung yang terhampar 180 derajat. Tempat favorit wisatawan di kawasan wisata ini adalah Bukit Moko. Dimana di sana tersedia banyak kafe dan tempat makan yang siap menemani libur santai wisatawan. Siang hari, pemandangan alam indah disuguhkan, dan malam hari saatnya digantikan pemandangan lampu kota."
Taman Hiburan,"Taman Hiburan, Bandung, Dekat dari Bandara, Mahal",https://www.mybandung.id/wp-content/uploads/2019/06/panama-park-825-bandung-1024x768.jpg,50000,dekat,4.4,Panama Park 825,"Jl. Jend. Sudirman No.825, Cijerah, Kec. Bandung Kulon, Kota Bandung, Jawa Barat 40213","Panama Park Bandung menjadi salah satu tempat bermain di Bandung, Jawa Barat. Wahana rekreasi yang disebut-sebut terbesar di Bandung ini dibuka sejak Mei 2019 lalu. Ada beberapa permainan yang ditawarkan di arena ini, misalnya playground hingga snow park yang berisi salju. Pengguna pun bisa merasakan sensasi salju sebenarnya."
Taman Hiburan,"Taman Hiburan, Bandung, Dekat dari Bandara, Mahal",https://teropongmedia.id/wp-content/uploads/2023/07/Cafe-Sudut-Pandang-Bandung-Harmoni-Alam-Estetika-dan-Kuliner-yang-Edukatif-7-21-2023-1.jpg,50000,dekat,4.6,Sudut Pandang Bandung,"Jl. Pagermaneuh, RT.05/RW.07, Pagerwangi, Kec. Lembang, Kabupaten Bandung Barat, Jawa Barat 40391","Sudut Pandang Cafe Bandung merupakan sebuah destinasi wisata baru di kawasan Pluncut. Sudut Pandang Cafe Bandung ini sendiri tepatnya berada di kawasan Sarae Hills di Jalan Pagermaneuh, RT 05/RW 07, Pagerwangi, Lembang, Kabupaten Bandung Barat, Jawa Barat. Sebagai informasi, Sarae Hills merupakan kawasan wisata di Punclut yang memadukan wisata alam, wisata kuliner, wisata selfie dan kegiatan outbound. Di kawasan ini, kamu bisa berlibur bersama teman atau keluarga sambil menikmati pemandangan alam serta Bandung city view. Sebelumnya Sarae Hills telah bekerja sama dengan beberapa tempat wisata yakni Tafso Barn, Lereng Anteng, De BlankON, Dago Bakery, Cakrawala Sparkling Nature, dan D’Dieuland. Nah, mulai tanggal 5 September kemarin, Sarae Hills dihiasi dengan sebuah cafe yang tak lain adalah Sudut Pandang Cafe Bandung."
Cagar Alam,"Cagar Alam, Bandung, Jauh dari Bandara, Murah",https://awsimages.detik.net.id/community/media/visual/2021/02/04/dev-sensasi-camping-di-wana-wisata-batu-kuda-bandung-dan-kisah-di-baliknya.jpeg?w=600&q=90,7500,jauh,4.5,Bumi Perkemahan Batu Kuda,"Cibiru Wetan, Kec. Cileunyi, Kabupaten Bandung, Jawa Barat 40625","Bumi Perkemahan Batu Kuda ini terletak di Desa Cibiru Wetan, Kecamatan Cileunyi, Kabupaten Bandung, tepatnya berada di kaki gunung Manglayang. Area Batu Kuda sendiri cukup terkenal di kalangan masyarakat sekitar. Selain karena merupakan titik pertama bagi para pendaki yang hendak melanjutkan perjalanan ke puncak gunung Manglayang, konon pada zaman dahulu, seorang prabu dari sebuah kerajaan di Jawa Barat yang bernama Prabu Layang Kusuma sedang menunggangi kuda nya yang bisa terbang di sekitar gunung Manglayang. Dan secara tiba – tiba kuda yang ditunggangi sang Prabu terjerembab ke dalam kubangan. Sekuat apapun usaha kuda tersebut untuk keluar dari kubangan tersebut tidak membuahkan hasil. Hingga lambat laun kuda milik sang Prabu yang terjerembab tersebut berubah menjadi batu. Maka batu tersebut disebut lah dengan istilah Batu Kuda. Selain itu, sang Prabu sendiri memilih untuk bertapa di dekat Batu Kuda, dan kini tempat sang Prabu bertapa dikenal dengan nama Batu Kursi. Area perkemahan Batu Kuda yang terbilang cukup luas, membuat anda tidak perlu khawatir kehabisan titik berkemah. Tak hanya itu, anda bisa melihat pohon – pohon pinus yang menjulang sejauh mata memandang. Selain digunakan untuk tempat berkemah para pendaki, anda pun bisa mengajak keluarga anda saat liburan. Karena area ini terbuka untuk anda sekeluarga yang sekedar ingin berjalan – jalan menikmati hutan pinus, ataupun menghabiskan malam dengan tidur di hotel bertabur bintang."
Cagar Alam,"Cagar Alam, Bandung, Jauh dari Bandara, Sedang",https://cdn.idntimes.com/content-images/post/20191211/50061690-615432428880326-7305419211231433714-n-df9db342c7a7dda68a8cf9d001eef9d5_600x400.jpg,25000,jauh,4.6,Bukit Bintang,"Cimenyan, Kec. Cimenyan, Kabupaten Bandung, Jawa Barat 40197","Bukit Bintang (Melayu [bu.ket̚ bi.ntaŋ]; disebut dengan nama Bintang Walk atau Starhill, yang terakhir menjadi terjemahan dari nama Melayu) adalah nama dari distrik perbelanjaan dan hiburan di Kuala Lumpur, Malaysia. Daerah ini meliputi Jalan Bukit Bintang dan daerah disekitarnya. Daerah ini telah lama menjadi pusat ritel paling menonjol di Kuala Lumpur yang merupakan rumah bagi banyak pusat perbelanjaan terkenal, kafe al fresco, bar megah, pasar malam, serta jajanan-jenis restoran. Daerah ini populer di kalangan wisatawan dan penduduk lokal, terutama di kalangan pemuda. Sebuah bagian dari Bintang Walk identik disebut sebagai ""Arab Street""."
Taman Hiburan,"Taman Hiburan, Bandung, Dekat dari Bandara, Gratis",https://tourbandung.id/wp-content/uploads/2019/05/Taman-Vanda-Bandung.jpg,0,dekat,4.3,Taman Vanda,"Jl. Merdeka No.9, Babakan Ciamis, Kec. Sumur Bandung, Kota Bandung, Jawa Barat 40117","Taman Vanda Bandung adalah taman yang terletak di Kota Bandung, Jawa Barat. Taman ini memiliki latar belakang pemandangan air mancur pada malam hari. Pada malam hari dipasang air mancur di 20 titik dengan sorot lampu warna-warni yang memesona.\nUntuk melengkapi masyarakat Bandung yang ingin bersantai, di Taman Vanda disediakan bangku-bangku taman. Pepohonan rimbun yang ditanam di sekitar taman membuatnya menjadi lebih segar dan asri. Bersantai di sini pada siang hari juga sangat asyik dengan angin semilir dan sinar matahari tertutupi rimbunnya pohon-pohon."
Budaya,"Budaya, Bandung, Dekat dari Bandara, Gratis",https://dwijayantiw.files.wordpress.com/2016/10/dsc00150-001.jpg,0,dekat,4.3,Taman Budaya Jawa Barat,"Jl. Bukit Dago Selatan No.53 A, Dago, Kecamatan Coblong, Kota Bandung, Jawa Barat 40135","Taman Budaya Jawa Barat (TBJB) didirikan pada tahun 1991 di Kawasan Dago Tea House. TBJB memiliki fasilitas gedung teater tertutup, teater terbuka, ruang pameran, sekertariat, sanggar olah seni, wisma seni, dan cafetaria. Semua fasilitas tersebut diperuntunkan untuk kelancaran beraktifitas dan berkarya para warga Bandung, khususnya para seniman. TBJB menghelat berbagai macam agenda yang menarik seperti pementasan karya seni, lomba seni, eksperimentasi karya seni, seminar, workshop, sarasehan seni dan budaya, penerbitan buku, dsb."
Cagar Alam,"Cagar Alam, Bandung, Jauh dari Bandara, Murah",https://pbs.twimg.com/media/ElYbvCSUwAAle2W?format=jpg&name=medium,7500,jauh,4.3,Curug Bugbrug,"Kertawangi, Kec. Cisarua, Kabupaten Bandung Barat, Jawa Barat 40551","Curug Bugbrug Sesuai dengan namanya kata Bugbrug dalam bahasa sunda adalah berarti bertumpuk atau tumpah tindih. Jadi apabila Anda ditanya kenapa air terjun di bandung ini dinamai Curug Bugbrug Maka jawabannya ialah karena air yang jatuh dari atas ke bawah itu seperti terlihat bertumpuk-tumpuk. Dan jatuhnya tersebut terdengar suara di dasar curug seperti ” brug…brug…brug ” begitu saking kerasnya. Curug yang berada di ketinggian 1.050 meter di atas permukaan air laut, memiliki ketinggian dari 50 meter tingginya dan lebar curug sekitar 2 meter. Tempat ini menjadi pusat buruan wisatawan yang berlibur ke bandung."
Cagar Alam,"Cagar Alam, Bandung, Dekat dari Bandara, Gratis",https://asset-2.tstatic.net/tribunnewswiki/foto/bank/images/baksil-2.jpg,0,dekat,4.6,Babakan Siliwangi City Forest Path Bandung,"Jl. Tamansari No.90, Lb. Siliwangi, Kecamatan Coblong, Kota Bandung, Jawa Barat 40132",Forest walk Babakan Siliwangi adalah fasilitas publik berupa hutan kota. Hutan ini merupakan hutan kota yang masih aktif di kota Bandung hingga kini. Letaknya strategis berada di kawasan taman sari dekat dengan kampus ITB dan kebun binatang. Kawasan ini bernuansa sejuk karena didominasi oleh pepohonan yang rindang. Jembatan kayu dan besi yang saling terhubung mengelilingi kawasan ini menjadi jalan untuk menyusuri hutan. Pengunjung bisa berjalan di atas jembatan kayu sambil menikmati segarnya udara di kawasan hutan kota ini.
Cagar Alam,"Cagar Alam, Bandung, Jauh dari Bandara, Sedang",https://img.inews.co.id/media/600/files/networks/2023/01/11/986f2_curug-cipanas.jpg,20000,jauh,3.9,Curug Cipanas,"Jl. Nagrak Tengah, Sukajaya, Kec. Lembang, Kabupaten Bandung Barat, Jawa Barat 40391","Siapa bilang berendam air panas harus merogoh kocek dalam? Kabupaten Bandung Barat punya solusi bagi pelancong yang ingin merasakan manfaat air panas pegunungan asli tanpa harus membayar mahal. Adalah Curug Cipanas Nagrak, objek wisata alam yang menawarkan pemandian air panas alami. Pemandian air panas ini bahkan tidak hanya sekadar kolam, melainkan berupa air terjun alami di tengah kawasan perkebunan. Mata airnya mengalir deras menjadi sebuah air terjun kecil di tengah lahan perbukitan hijau. Pengunjung akan merasakan sensasi berendam di kolam air panas yang nyaman di tengah alam terbuka.
"
Taman Hiburan,"Taman Hiburan, Bandung, Dekat dari Bandara, Murah",https://newslampungterkini.com/wp-content/uploads/2020/07/TAMAN-JOMBLO-PRINGSEWU-LAMPUNG-4.jpg,10000,dekat,4.1,Taman Jomblo,"Jl. Tamansari No.66, Lb. Siliwangi, Kecamatan Coblong, Kota Bandung, Jawa Barat 40132","Taman Jomblo dapat mengacu kepada:\n\nTaman Pasupati, sebuah taman yang didirikan oleh Ridwan Kamil di Bandung\nPedestrian Jomblo, sebuah tempat rekreasi yang didirikan di Jambi\nTaman Jomblo (Mataram), sebuah taman yang didirikan di Mataram, Nusa Tenggara Barat"
Taman Hiburan,"Taman Hiburan, Bandung, Dekat dari Bandara, Murah",https://tourbandung.id/wp-content/uploads/2019/05/Gedung-Peta-Park-Bandung-1030x541.jpg,15000,dekat,4.3,Peta Park,"Jl. Peta No.229, Suka Asih, Kec. Bojongloa Kaler, Kota Bandung, Jawa Barat 40242","Bandung seperti tidak henti menawarkan tempat wisata menarik untuk dikunjungi. Terutama untuk para anak muda. Beberapa waktu lalu Peta Park Bandung dibuka. Tempat wisata yang menawarkan konsep taman-taman yang bersih dan indah. Sangat cocok sebagai tempat bersantai dan menghindari hiruk-pikuk kota. Taman rekreasi yang ada di pusat kota Bandung ini memiliki konsep taman piknik. Karena hal tersebut, saat berada di sini, pengunjung tidak hanya bisa berfoto. Akan tetapi juga bisa melakukan kegiatan yang lainnya misalnya berpiknik."
Tempat Ibadah,"Tempat Ibadah, Bandung, Dekat dari Bandara, Gratis, Masjid",https://www.daaruttauhiid.org/wp-content/uploads/2022/02/dt2-1030x773.jpg,0,dekat,4.9,Masjid Daarut Tauhiid Bandung,"Jl. Gegerkalong Girang No.38, Isola, Kec. Sukasari, Kota Bandung, Jawa Barat 40154","pada bulan Juli 1993 berdirilah sebuah masjid berlantai tiga, tepatnya di Jalan Gegerkalong Girang nomor 38 Bandung. Masjid ini sering dijuluki sebagai masjid seribu tangan karena dibangun secara gotong royong oleh ribuan masyarakat dan jamaah Daarut Tauhid. Pada saat itu, di bagian bawah bangunan Masjid Daarut Tauhid dialokasikan sejumlah kamar tidur yang berfungsi sebagai asrama santri putri atau akhwat yang berkapasitas 70 orang. Adapun lantai dua dan tiga difungsikan untuk shalat sedangkan lantai satu dijadikan area untuk toko (minimarket), ruang khusus akhwat, ruang wudhu, dan kamar mandi. Pada tahun 2015 dilakukan pembangunan perluasan dan renovasi Masjid Daarut Tauhid Bandung secara besar-besaran. Peletakan batu pertama pembangunan masjid dilakukan pada Kamis, 29 Januari 2015. Dua tahun kemudian tepatnya tanggal 20 November 2017 Masjid Daarut Tauhiid rampung pembangunannya dan diresmikan oleh KH. Abdullah Gymnastiar selaku Pembina Pesantren Daarut Tauhiid. Masjid hasil renovasi terbaru dibangun 4 lantai plus basement satu lantai. Pintu masjid terpisah antara ikhwan dan akhwat. Front Office (FO) DKM juga ada pada masing-masing area. Tempat wudhu dan kamar mandi dekat dengan pintu masuk. Salah satu hal yang membedakan Masjid Daarut Tauhid dengan masih lain adalah sangat bersahabat dengan jamaah difabel, yaitu dengan memfasilitasi lift khusus untuk mereka agar memudahkan mereka menaiki ruangan masjid hingga ke lantai 4. Selain itu juga dilengkapi kamar mandi khusus difabel yang terpisah antara ikhwan dan akhwat."
Tempat Ibadah,"Tempat Ibadah, Bandung, Dekat dari Bandara, Gratis, Masjid",https://www.thetranshotel.com/images/wBIZVcWsB1_Masjid%20Exterior_1000x708.jpg,0,dekat,4.8,Masjid Agung Trans Studio Bandung,"Pusat Terpadu Transtudio, Jl. Gatot Subroto No.289, Cibangkong, Kec. Batununggal, Kota Bandung, Jawa Barat 40273","Masjid Agung Trans Studio Bandung (TSB) berdiri megah. Rumah ibadah seluas 4.000 meter persegi bergaya Timur Tengah ini menjadi oase di tengah-tengah pusat perbelanjaan dan tempat rekreasi. konsep masjid modern yang mengadopsi ala Timur Tengah ini berdasarkan arahan Chairul Tanjung (CT), selaku pemiki CT Corp. Dia langsung menerawang guna mewujudkan desain Masjid Agung TSB yang kental dengan sentuhan Masjid Nabawi."
Tempat Ibadah,"Tempat Ibadah, Bandung, Dekat dari Bandara, Gratis, Gereja",https://upload.wikimedia.org/wikipedia/commons/thumb/6/6c/Gereja_Tiberias_Indonesia_Boulevard_Utara_Jakarta.jpg/640px-Gereja_Tiberias_Indonesia_Boulevard_Utara_Jakarta.jpg,0,dekat,4.9,Gereja Tiberias Indonesia Bandung,"Braga City Walk, JL. Braga, No. 99-101, Braga, Kec. Sumur Bandung, Kota Bandung, Jawa Barat 40111","Gereja Tiberias Indonesia (GTI), atau Tiberias Ministry adalah salah satu sinode gereja Kristen Protestan di Indonesia. Salah satu ciri khas dari pelayanan GTI adalah pelayanan Kesembuhan Ilahi melalui Perjamuan Kudus dan Minyak Urapan. Gereja Tiberias Indonesia merupakan gereja pewahyuan yang diperintahkan oleh Tuhan Yesus kepada Pdt. DR. Yesaya Pariadji. Tugas Gereja Tiberias adalah untuk membuktikan bahwa Yesus Kristus adalah Tuhan Allah yang Maha Kuasa dibuktikan melalui mujizat-mujizatNya; bahwa Firman Allah bukan terdiri atas kata-kata, tetapi kuasa; bahwa Firman Allah lebih dari seluruh ilmu pengetahuan manusia; bahwa manusia harus hidup dalam pertobatan, harus hidup dalam kekudusan agar layak berdiri di hadapanNya dan pesta di Kerajaan Sorga."
Taman Hiburan,"Taman Hiburan, Bandung, Jauh dari Bandara, Mahal",https://dynamic-media-cdn.tripadvisor.com/media/photo-o/0e/61/0a/4c/landscape.jpg?w=1200&h=-1&s=1,60000,jauh,3.8,Tektona Waterpark,"Jl.Raya Banjaran, Rencong - Kampung Batu, Malakasari, Kec. Baleendah, Kabupaten Bandung, Jawa Barat 40375","Tektona Waterpark sebuah wahana yang memberikan sensasi bermain air bersama keluarga dan sahabat anda, memberikan keceriaan bagi anak-anak maupun pengunjung dewasa dengan fasilitas modern diantaranya Kolam Ombak dan Kolam Arus, Kolam Anak dan Balita, Semi Olympic serta Mini Slider untuk anak-anak dan Mega Slider untuk dewasa dengan ketinggian hampir dari 30 meter, yang akan memicu adrenaline para pengunjung. Selain itu wahana Tektona Waterpark juga menyediakan pojok kuliner, gazebo serta jasa pompa dan foto aksi yang dapat diperoleh di sudut wahana Tektona Waterpark, dan juga selalu tersedia ruang ganti serta ruang bilas di dalam kawasan Tektona Waterpark."
Cagar Alam,"Cagar Alam, Bandung, Jauh dari Bandara, Murah",https://i.ytimg.com/vi/ZLeda7UyBOk/maxresdefault.jpg,7500,jauh,4.4,Curug Cilengkrang,"Cilengkrang, Kec. Cilengkrang, Kabupaten Bandung, Jawa Barat 40615","Curug Cilengkrang bisa menjadi pilihan tujuan objek wisata alam di Bandung. Menawarkan area hutan sejuk serta area air terjun yang menyegarkan. Meski tidak besar, kawasan air terjun cukup bisa untuk menenangkan dan kembali menyegarkan wisatawan. Seolah bertolak belakang dari hingar bingar kota Bandung. Curug Cilengkrang menawarkan wisata alam yang tenang dan begitu hijau. Air terjun yang mempesona, serta hutan dengan pepohonan yang begitu asri. Dimana, tempat ini juga menjadi habitat hidup berbagai satwa liar yang masih terjaga."
Taman Hiburan,"Taman HIburan, Bandung, Dekat dari Bandara, Gratis",https://cdn.idntimes.com/content-images/community/2021/11/fromandroid-1b8892d00bd0e11b70ec5b016c30239c_600x400.jpg,0,dekat,4.6,Jembatan Pasupati,"Tamansari, Kec. Bandung Wetan, Kota Bandung, Jawa Barat 40116","Jembatan Pasupati atau Jalan Layang Pasupati adalah sebuah jembatan yang menghubungkan bagian utara dan timur Kota Bandung melewati lembah Cikapundung. Panjangnya 2,8 km dan lebarnya 30-60 m. Sebagian jalan itu dibangun di atas Jalan Pasteur, adalah jalan lama dengan pohon palm raja disebelah kanan dan kirinya yang menjadi ciri kota Bandung. Jalan Layang Pasupati juga menjadi salah satu ikon Kota Bandung. Oleh karena itu, pada malam hari bagian tengah Jembatan Pasupati diterangi lampu sorot warna-warni. Jalan layang ini membuat arus lalu lintas dari wilayah sekitar Jabodetabek ke Bandung menjadi lebih mudah. Di bawah Jembatan Pasupati terdapat taman yang bernama Taman Pasupati.
"
Pusat Perbelanjaan,"Pusat Perbelanjaan, Bandung, Dekat dari Bandara, Gratis",https://pict.sindonews.net/dyn/620/pena/news/2020/09/09/701/158536/pasar-baru-bandung-rahim-saudagar-sukses-dan-kiblat-busana-muslim-szs.jpg,0,dekat,4.3,Pasar Baru,"Jl. A. Yani, Kb. Pisang, Kec. Sumur Bandung, Kota Bandung, Jawa Barat 40112","Pasar Baru adalah kawasan perdagangan yang berpusat di Jalan Pasar Baru, Kelurahan Pasar Baru, Kecamatan Sawah Besar, Jakarta Pusat. Pusat perbelanjaan ini didirikan pada tahun 1820, dan merupakan pusat perbelanjaan tertua di Jakarta.Ujung selatan Jalan Pasar Baru berbatasan dengan Jalan Antara dan Jalan Pasar Baru Selatan, serta Jalan Pos yang berdekatan dengan Gedung Kesenian Jakarta. Ujung utara Jalan Pasar Baru berbatasan dengan Jalan Kyai Haji Samanhudi, dekat Metro Pasar Baru dan Jalan Gereja Ayam. Di sisi kiri dan kanan Jalan Pasar Baru terdapat toko pakaian, toko tekstil dan tailor, toko alat olahraga dan sepatu, toko kacamata, dan toko perhiasan emas.\nDi Pasar Baru banyak bermukim orang India-Indonesia. Orang India-Indonesia berdagang menjual kain, alat olahraga, dan sepatu di Pasar Baru. Pada tahun 2002 ada sekitar 2.000 keluarga India yang terdaftar sebagai penduduk Jakarta, dan sebagian besar di antara mereka tinggal di pusat kota, khususnya di kawasan Pasar Baru dan Pintu Air. Di kawasan Pasar Baru juga terdapat tempat ibadah masyarakat India-Indonesia.\n\n"
Budaya,"Budaya, Bandung, Dekat dari Bandara, Gratis",https://img.bandung.go.id/images/news/2017/01/25/header/IMG-20170124-WA0166.jpg,0,dekat,4.6,Taman Sejarah Bandung,"Jl. Aceh No.53, Babakan Ciamis, Kec. Sumur Bandung, Kota Bandung, Jawa Barat 40117","Taman Sejarah Bandung adalah taman yang terletak di belakang Balai Kota Bandung, kompleks Pemerintahan Kota Bandung. Taman ini berfungsi untuk mengenalkan sejarah di Kota Bandung. Taman ini dilengkapi informasi mengenai pemimpin kota Bandung dari masa ke masa. Pembangunan taman ini menghabiskan anggaran sekitar 3,5 miliar rupiah."
Budaya,"Budaya, Bandung, Dekat dari Bandara, Gratis",https://4.bp.blogspot.com/-O7MuhhUbPUs/VdGaY6LXulI/AAAAAAAAAm4/vfCHmf1vhws/s1600/Rumah%2Bseni%2Bsarasvati%2Bcopy.jpg,0,dekat,4.4,Roemah Seni Sarasvati,"Jl. Jend. Sudirman No.137, Karanganyar, Kec. Astanaanyar, Kota Bandung, Jawa Barat 40241","Roemah Seni Sarasvati adalah sebuah galeri yang berlokasi di Jl. Jendral Sudirman 137, Bandung. RSS merupakan project utama Sarasvati Arts Management yang dibangun dengan tujuan untuk memperkenalkan berbagai keragaman seni budaya. RSS juga merupakan tempat bertukar gagasan dan kepedulian untuk menciptakan identitas unik bagi Kota Bandung serta merawat kreativitas dan pengetahuan. Salah satu program kerja yang sedang dirancang adalah Grote Postweg Art Project."
Tempat Ibadah,"Masjid, Al Jabbar, Masjid Viral Bandung, Masjid dekat kereta cepat, Masjid ridwan kamil, gratis",https://tunashijau.id/wp-content/uploads/2023/01/masjidaljabbar.jpg,0,jauh,4.7,Masjid Raya Al Jabbar,"Jl. Cimencrang No.14, Cimenerang, Kec. Gedebage, Kota Bandung, Jawa Barat 40292","Dibangun sejak 2017, Masjid Al Jabbar Bandung diresmikan Jumat, 30 Desember 2022, oleh Gubernur Jawa Barat, Ridwan Kamil. Masjid Al Jabbar Bandung merupakan Masjid Al Jabbar terbaru dan terbesar yang dibangun Pemerintah Provinsi Jawa Barat (Pemprov Jabar)."
Taman Hiburan,"Taman Hiburan, Saung Mang Udjo, Mang Udjo, Angklung, Situs Budaya, Mahal",https://angklungudjo.com/wp-content/uploads/2020/08/1-scaled.jpg,85000,dekat,4.7,Saung Angklung Udjo,"Jl. Padasuka No.118, Pasirlayung, Kec. Cibeunying Kidul, Kota Bandung, Jawa Barat 40192","Saung Angklung Udjo  merupakan sebuah tujuan wisata budaya dan edukasi yang lengkap, karena memiliki arena pertunjukan, pusat kerajinan bambu dan workshop untuk alat musik bambu. Disamping itu, kehadiran Saung Angklung Udjo di Bandung menjadi lebih bermakna karena kepeduliannya untuk terus melestarikan dan mengembangkan kebudayaan Sunda khususnya Angklung kepada masyarakat melalui sarana pendidikan dan pelatihan."
Cagar Alam,"Cagar Alam, Ranca Upas, Camping Ground, Glamping, Ciwidey, Rusa, Bunga Edelweis, Motor Trail, Sedang",https://static.promediateknologi.id/crop/0x0:0x0/750x500/webp/photo/2023/02/17/1758421436.jpg,25000,jauh,4.7,Ranca Upas Camping Ground,"Jl. Raya Ciwidey - Patengan No.946, Patengan, Kec. Rancabali, Kabupaten Bandung, Jawa Barat 40973","Ranca Upas atau Kampung Cai Ranca Upas adalah salah satu bumi perkemahan di Bandung, Jawa Barat, Indonesia. Terletak di Jalan Raya Ciwidey Patenggang KM. 11, Alam Endah, Ciwidey Kabupaten Bandung, dengan jarak sekitar 50 km dari pusat Kota Bandung."
Tempat Ibadah,"Masjid Salman ITB, Gratis, Tempat Ibadah, Masjid, Bandung",https://old.salmanitb.com/wp-content/uploads/2019/05/Page-11.jpg,0,dekat,4.9,Masjid Salman ITB,"Jl. Ganesa No.7, Lb. Siliwangi, Kecamatan Coblong, Kota Bandung, Jawa Barat 40132","Masjid Salman Institut Teknologi Bandung, lebih dikenal sebagai Masjid Salman ITB, adalah masjid kampus yang terletak di Lebak Siliwangi, Coblong, Kota Bandung, atau tepat di depan area Kampus ITB Ganesha. Dengan luas lahan 7800 m2 dan luas bangunan masjid 1225 m2, Masjid Salman dilengkapi dengan berbagai fasilitas penunjang seperti kantin, air minum gratis, mini market, dan ruang serbaguna.Masjid yang dibuka pada tahun 1972 ini merupakan masjid kampus pertama di Indonesia."
Tempat Ibadah,"Gereja Santo Laurentius, Gratis, Tempat Ibadah, Gereja, Bandung",https://keuskupanbandung.org/storage/app/media/uploaded-files/Gereja%20St%20Laurentius%20Bandung.jpg,0,dekat,4.8,Gereja Santo Laurentius,"Jl. Sukajadi No.223, Gegerkalong, Kec. Sukasari, Kota Bandung, Jawa Barat 40153","Gereja ini merupakan gereja Katolik yang terletak di Gegerkalong, Sukasari, Kota Bandung. Didirikan tahun 1987, Gereja Santo Laurentius memiliki kapasitas kurang lebih 100 orang."
Tempat Ibadah,"Gereja Santa Odilia, Gratis, Tempat Ibadah, Gereja, Bandung",https://keuskupanbandung.org/storage/app/media/uploaded-files/grj.%20St%20Odilia%20%20Bandung.jpeg,0,dekat,4.6,Gereja Santa Odilia,"Jl. Cikutra 7, Bandung 40124","Gereja ini juga merupakan salah satu gereja tertua di Kota Bandung. Didirikan Yayasan Santa Camilius, gereja ini berada di Jalan Cikutra. Awalnya Gereja Santa Odilia merupakan rumah bagi yatim piatu yang dibangun pada tahun 1929. Baru pada tahun 1937, Gereja Santa Odilia ditetapkan sebagai Paroki oleh Keuskupan Bandung."
Tempat Ibadah,"Gereja GKIm Ka Im Tong, Gratis, Tempat Ibadah, Gereja, Bandung",https://photos.wikimapia.org/p/00/01/43/16/08_big.jpg,0,dekat,4.8,Gereja GKIm Ka Im Tong,"Jl. HOS. Cokroaminoto No.63, Arjuna, Kec. Cicendo, Kota Bandung, Jawa Barat 40172","Sejarah GKIm Jemaat Ka Im Tong Bandung berasal dari “Hoa Kiau Kauhuei” dengan anggota gereja + 100 orang. Jumlahnya sedikit tapi masalahnya cukup rumit, karena anggota jemaat terbagi menjadi golongan-golongan. Pada tahun 1958, saat pemilihan anggota majelis gereja, sebagian anggota gereja merasa dirugikan, oleh karena itu mereka memisahkan diri. Pada mulanya mereka meminjam tempat kebaktian di gedung Gereja Bala Keselamatan. Kebaktian diadakan pada sore hari dengan anggota + 80 orang. Saat itu Tuhan mengutus seorang misionaris dari Gereja Advent yang bernama Tom. Ia memperkenalkan tempat kebaktian di Gereja Santo Yahya yang dekat dengan Balai Kota, dengan waktu penyewaan selama dua tahun. Lokasinya tidak jauh dengan pusat kota dan tempat kebaktian dapat menampung 200 orang lebih, sehingga jumlah pengunjung kebaktian semakin lama semakin bertambah. Pada tanggal 13 April 1958 ditahbiskan Majelis Gereja yang pertama dan tanggal ini sekaligus ditetapkan sebagai hari lahirnya “Gereja Ka Im Tong” dengan kebaktian yang dipimpin oleh Pdt. Leon Ho."
Cagar Alam,"Gunung Patuha, Gunung, Murah, Bandung, Alam, Cagar Alam",https://pariwisataindonesia.id/wp-content/uploads/2021/12/gunung_patuha.jpg,10000,dekat,4.5,Gunung Patuha,"Ciwidey, Bandung Jawa Barat, Indonesia","Gunung Patuha terletak di kawasan Ciwidey, Kabupaten Bandung, berdekatan dengan Gunung Cadaspanjang, Gunung Tikukur, dan Gunung Tambakruyung. Ketinggian populernya dikenal 2.434 mdpl, sedangkan menurut peta RBI (Rupa Bumi Indonesia) ketinggiannya adalah 2.440 mdpl. Untuk mendaki gunung ini, kita bisa menempuh jalur dari Desa Cipanganten atau jalur dari kawasan wisata Kawah Putih. Di puncaknya terdapat lubang besar seperti periuk, disebut dengan nama Kawah Saat."
Cagar Alam,"Gunung Burangrang, Cagar Alam, Alam, Murah, Bandung, Gunung",https://superlive.id/storage/superadventure/2021/07/20/x8de38a7f5eb1.png.pagespeed.ic.Uf3_nfqwEW.jpg,15000,jauh,4.5,Gunung Burangrang,Barat Laut Bandung Raya,"Terletak di kawasan barat laut Bandung Raya, Gunung Burangrang seakan menjadi benteng kokoh yang terlihat menjulang dari kawasan Padalarang, Cimahi, dan Bandung Barat lainnya. Usia gunung ini terbilang cukup tua dibanding gunung lain di sekitarnya, termasuk tetangganya yaitu Gunung Tangkuban Parahu. Ketinggian Gunung Burangrang ditandai dengan sebuah tugu bertuliskan 2.064 mdpl di puncaknya, sesuai dengan data yang tertulis di peta RBI (Rupa Bumi Indonesia)."
Cagar Alam,"Gunung Manglayang, Cagar Alam, Alam, Murah, Bandung, Gunung",https://upload.wikimedia.org/wikipedia/commons/0/00/Mont_Manglayang.jpg,10000,jauh,4.5,Gunung Manglayang ,Bandung Timur,"Gunung Manglayang, yang berada di Bandung timur, terlihat jelas ketika kita berada di gedung bertingkat atau sedang melintas jalan layang yang ada di Kota Bandung. Tak mengherankan jika ia kemudian menjadi salah satu gunung terpopuler di Bandung Raya. Hampir setiap akhir pekan gunung ini ramai oleh para pengunjung yang datang dari berbagai daerah. Ada yang berniat mendaki dan ada yang berniat menikmati udara dan pemandangan segar. Untuk berkemah atau memulai pendakian, kita bisa memilih Bumi Perkemahan Batukuda."
Cagar Alam,"Lactasari Mini Farm dan Bird Park, Cagar Alam, Kebun Binatang, Bandung, Mahal, Hewan",https://www.pegipegi.com/travel/wp-content/uploads/2015/10/Lactasari-Mini-Farm.jpg,60000,jauh,4.3,Lactasari Mini Farm dan Bird Park,"Paris Van Java, Jl. Sukajadi No.131-139, Cipedes, Kec. Sukajadi, Kota Bandung, Jawa Barat 40162","Lactasari Mini Farm dan Bird Park adalah tempat wisata yang cocok untuk anak-anak karena menawarkan pengalaman yang menyenangkan. Di sini, Si Kecil bisa belajar bagaimana caranya beternak dan melihat beragam jenis burung."
Cagar Alam,"Zoomanji Bandung, Cagar Alam, Kebun Binatang, Hewan, Bandung, Mahal",https://www.bandungsatu.com/wp-content/uploads/2023/06/photo_2023-06-18_20-50-28.jpg,35000,jauh,4.3,Zoomanji Bandung,"Jl. Dago Giri No.KM 2, RW.2, Mekarwangi, Kec. Lembang, Kabupaten Bandung Barat, Jawa Barat.","Zoomanji Bandung menawarkan konsep yang berbeda dari kebun binatang lainnya. Zoomanji Bandung menyediakan mini zoo di tengah hutan pinus kota dengan banyak wahana permainan dan restoran. Di sini Si Kecil dapat bermain sekaligus belajar tentang hewan-hewan yang ada di sekitarnya. Beberapa yang bisa mereka pelajari adalah hewan liar, hewan hujan tropis, serangga, dan masih banyak lagi."